{
    "accounts": {
        "17836460686258279109S": {
            "received": 15.845049117087658,
            "pending": 0.0
        },
        "11965252341664982224S": {
            "received": 0.1142469072680402,
            "pending": 0.000300130997485168
        },
        "2738874115153334556S": {
            "received": 10.474174847172053,
            "pending": 0.0
        },
        "2864297953339225503S": {
            "received": 12.004339540680435,
            "pending": 0.0
        },
        "15448943008829020507S": {
            "received": 7.391131159766927,
            "pending": 0.0
        },
        "16201202588872164609S": {
            "received": 5.394525296409837,
            "pending": 0.0
        },
        "1817868533720769718S": {
            "received": 15.213529597602308,
            "pending": 0.0
        },
        "13586143590570589215S": {
            "received": 5.928750179541316,
            "pending": 0.0
        },
        "8720089909028317580S": {
            "received": 42.72718453912978,
            "pending": 0.0
        },
        "3258153077104986360S": {
            "received": 55.66951967983812,
            "pending": 0.0
        },
        "9505110567395001657S": {
            "received": 0.7114832895007445,
            "pending": 0.03383096807305732
        },
        "13184036139539914851S": {
            "received": 15.911629606570258,
            "pending": 0.0
        },
        "6934198033594185762S": {
            "received": 14.071550576276932,
            "pending": 0.0
        },
        "15734141278813972755S": {
            "received": 7.8880836677056,
            "pending": 0.0
        },
        "11928538336447495247S": {
            "received": 0.337041447806987,
            "pending": 0.019501184466643555
        },
        "6903517031979936221S": {
            "received": 8.960165428264746,
            "pending": 0.0
        },
        "15773155524407127430S": {
            "received": 2.638484482240859,
            "pending": 0.0
        },
        "12828528092202122577S": {
            "received": 0.0,
            "pending": 0.02263881339253303
        },
        "1337139138324153142S": {
            "received": 2.659970637321056,
            "pending": 0.0
        },
        "828291801063561764S": {
            "received": 0.9815389455114527,
            "pending": 0
        },
        "4132777636262503477S": {
            "received": 8.581530623897494,
            "pending": 0.0
        },
        "11050252519837691755S": {
            "received": 16.24023105753196,
            "pending": 0.0
        },
        "11381476088599362396S": {
            "received": 1.2260052110415396,
            "pending": 0.038815103838917876
        },
        "14156683224611581622S": {
            "received": 28.89967909967068,
            "pending": 0.0
        },
        "16604498262787286373S": {
            "received": 68.76888773493197,
            "pending": 0.0
        },
        "12567931379234371677S": {
            "received": 1.2271124954327126,
            "pending": 3.371665111514079e-05
        },
        "7293103698522095418S": {
            "received": 7.731235277549249,
            "pending": 0.0
        },
        "4744762823287612200S": {
            "received": 1.0157594317442675,
            "pending": 0.04828809755016118
        },
        "10770784031370294457S": {
            "received": 6.6633730661056845,
            "pending": 0.0
        },
        "17370144303144262276S": {
            "received": 0.25348444880492127,
            "pending": 0.04097404294674117
        },
        "17740111341613835228S": {
            "received": 11.916152590225753,
            "pending": 0.0
        },
        "40034563516441201S": {
            "received": 0.7692066896572465,
            "pending": 0.0
        },
        "17594074255359799398S": {
            "received": 1.4452737222142598,
            "pending": 0
        },
        "12980275807187407333S": {
            "received": 0.2045942319859576,
            "pending": 0.09829837673138579
        },
        "7938942713579521733S": {
            "received": 0.0,
            "pending": 0.06277591190600733
        },
        "17104308003786288778S": {
            "received": 1.6321162069935995,
            "pending": 0.001681721579725395
        },
        "4895669772553333916S": {
            "received": 10.497049664806488,
            "pending": 0.0
        },
        "11698019401148428133S": {
            "received": 0.2121564820253415,
            "pending": 0.07558530273618058
        },
        "12249152476983107122S": {
            "received": 155.08808384274744,
            "pending": 0.0
        },
        "15133100411994811836S": {
            "received": 1.5914141773706785,
            "pending": 0
        },
        "17571139477294864364S": {
            "received": 183.35451597580192,
            "pending": 0.0
        },
        "14459847580135147575S": {
            "received": 0.13110912711652095,
            "pending": 0.07079321019103815
        },
        "6668168159687008651S": {
            "received": 1.3089645799433687,
            "pending": 0
        },
        "8053912614346489082S": {
            "received": 0.0,
            "pending": 0.056856199678566116
        },
        "69120280142071075S": {
            "received": 2.693787018882891,
            "pending": 0
        },
        "13429318653173453932S": {
            "received": 3.388844459351799,
            "pending": 0
        },
        "9133065595720782814S": {
            "received": 14.669017885023049,
            "pending": 0.0
        },
        "10461778414848986532S": {
            "received": 16.927712741696883,
            "pending": 0.0
        },
        "3715810936410758099S": {
            "received": 6.761105688322433,
            "pending": 0.0
        },
        "10749969907367660119S": {
            "received": 59.79507603821885,
            "pending": 0.0
        },
        "4446910057799968777S": {
            "received": 0.2200168251396683,
            "pending": 0.010631916482584334
        },
        "17272715786839773193S": {
            "received": 5.9579327912578455,
            "pending": 0.0
        },
        "6977907775043230289S": {
            "received": 2.431607354965322,
            "pending": 0
        },
        "17615391845481727298S": {
            "received": 0.35492416785725817,
            "pending": 0.0
        },
        "9325998378347643411S": {
            "received": 2.7366312263439885,
            "pending": 0
        },
        "152141753366209024S": {
            "received": 21.5357536523576,
            "pending": 0.0
        },
        "3332349765545836465S": {
            "received": 16.347482529693103,
            "pending": 0.0
        },
        "1258752876726108384S": {
            "received": 10.724898057885632,
            "pending": 0.0
        },
        "8779864208306149283S": {
            "received": 0.4684700470270267,
            "pending": 0.0
        },
        "10797340332804116294S": {
            "received": 1.394701768721366,
            "pending": 0
        },
        "10962402274596135874S": {
            "received": 3.3669474830953576,
            "pending": 0.0
        },
        "13313129586976065786S": {
            "received": 1.8913211989444738,
            "pending": 0.06258832199011999
        },
        "215644160295070055S": {
            "received": 60.72998875613379,
            "pending": 0.0
        },
        "1049992629438017539S": {
            "received": 5.0613278348360815,
            "pending": 0.0
        },
        "11996797827555955330S": {
            "received": 0.5416249354608452,
            "pending": 0.03680283339077926
        },
        "15569777031855020681S": {
            "received": 62.22973925500125,
            "pending": 0.0
        },
        "3674359349783883746S": {
            "received": 0.10283962486268149,