{
    "pending": {},
    "accounts": {
        "16201202588872164609S": {
            "pending": 0.0,
            "received": 1.4787281822070704
        },
        "12670108380237338481S": {
            "pending": 0.0,
            "received": 5.436058521170872
        },
        "18165115242939141342S": {
            "pending": 0.0003410503834938689,
            "received": 1.5121975391508202
        },
        "15448943008829020507S": {
            "pending": 0.0,
            "received": 0.37966027955450155
        },
        "2851445163152870095S": {
            "pending": 0.0,
            "received": 50.40036784596244
        },
        "585710018947350625S": {
            "pending": 0.09908229350541806,
            "received": 0.10523249150753915
        },
        "11085363192584989547S": {
            "pending": 0,
            "received": 0.5987166845552758
        },
        "11965252341664982224S": {
            "pending": 0.0001166749819611509,
            "received": 0.1142469072680402
        },
        "17355564170321453343S": {
            "pending": 0.023047420797231787,
            "received": 0.11077669131844611
        },
        "6338508696620308738S": {
            "pending": 0.0,
            "received": 9.035246902353213
        },
        "927849505798557777S": {
            "pending": 0.0,
            "received": 7.577706634977061
        },
        "9126093206592523027S": {
            "pending": 0.09416787585516506,
            "received": 1.4331746161031724
        },
        "6954295320478186628S": {
            "pending": 0.00032809879883955795,
            "received": 0.0
        },
        "3332349765545836465S": {
            "pending": 0.0,
            "received": 6.429624359509413
        },
        "1049992629438017539S": {
            "pending": 0.0,
            "received": 1.8130279165064487
        },
        "13184036139539914851S": {
            "pending": 0.0,
            "received": 6.592681689147743
        },
        "3715810936410758099S": {
            "pending": 0.0,
            "received": 2.9325574746403364
        },
        "12525711914127676053S": {
            "pending": 0.07091635103361034,
            "received": 1.1134688121791108
        },
        "943285078285187201S": {
            "pending": 0.0,
            "received": 6.228271383595679
        },
        "3258153077104986360S": {
            "pending": 0.0,
            "received": 23.120756341144606
        },
        "4022956614220159274S": {
            "pending": 0,
            "received": 0.8248057012449319
        },
        "6668168159687008651S": {
            "pending": 0.06749532389659321,
            "received": 0.12394777323126802
        },
        "16560014039590311078S": {
            "pending": 0.0,
            "received": 2.3129339360439465
        },
        "12530296953711547432S": {
            "pending": 0.0,
            "received": 2.7016533030961734
        },
        "11169617642535134043S": {
            "pending": 0.0,
            "received": 9.557554105581607
        },
        "4744762823287612200S": {
            "pending": 0.04785093124758979,
            "received": 0.13344390234571435
        },
        "12828528092202122577S": {
            "pending": 0.007296763244545035,
            "received": 0.0
        },
        "15411264051019796157S": {
            "pending": 0.0,
            "received": 2.611227661468576
        },
        "17836460686258279109S": {
            "pending": 0.0,
            "received": 6.2129534004740465
        },
        "11181906801996287483S": {
            "pending": 0.0,
            "received": 1.5499907069039802
        },
        "11996797827555955330S": {
            "pending": 0.018336053781693895,
            "received": 0.22137565696585543
        },
        "828291801063561764S": {
            "pending": 0.031140347971662385,
            "received": 0.375701025428658
        },
        "1817868533720769718S": {
            "pending": 0.0,
            "received": 5.965250259823503
        },
        "17370144303144262276S": {
            "pending": 0.04094638571590402,
            "received": 0.25348444880492127
        },
        "12971935946804193869S": {
            "pending": 0.0,
            "received": 4.356356114218197
        },
        "17489004316462862977S": {
            "pending": 0.0,
            "received": 2.4074481542539115
        },
        "11381476088599362396S": {
            "pending": 0.0914685356516189,
            "received": 0.4387533123975516
        },
        "13429318653173453932S": {
            "pending": 0.09240856529333892,
            "received": 1.1430688391370238
        },
        "1523666487072516037S": {
            "pending": 0.04230898834673228,
            "received": 0.0
        },
        "13586143590570589215S": {
            "pending": 0.0,
            "received": 2.4570734919997217
        },
        "14184009811430302815S": {
            "pending": 2.6177963884355187e-06,
            "received": 1.266818684628477
        },
        "13313129586976065786S": {
            "pending": 0,
            "received": 0.8097388936251264
        },
        "7293103698522095418S": {
            "pending": 0.0,
            "received": 3.033435386463344
        },
        "10749969907367660119S": {
            "pending": 0.0,
            "received": 24.460716780263205
        },
        "11606441451495031974S": {
            "pending": 0.03262543823099211,
            "received": 0.36888519981825973
        },
        "17356592023969741130S": {
            "pending": 0.0,
            "received": 1.5452214915698221
        },
        "14706861753024051671S": {
            "pending": 0.09909104359512184,
            "received": 1.196040273591355
        },
        "9133065595720782814S": {
            "pending": 0.0,
            "received": 5.216346099307266
        },
        "4895669772553333916S": {
            "pending": 0.0,
            "received": 4.000777191259406
        },
        "9505110567395001657S": {
            "pending": 0,
            "received": 0.12694508172172075
        },
        "13236510448065713857S": {
            "pending": 0.09927176154382318,
            "received": 0.0
        },
        "10449120053901707942S": {
            "pending": 0,
            "received": 0.7326851348323558
        },
        "4446910057799968777S": {
            "pending": 0.03515421407668619,
            "received": 0.0
        },
        "61800475831569831S": {
            "pending": 0.05674406748891758,
            "received": 0.0
        },
        "10081536518261673337S": {
            "pending": 0.0,
            "received": 5.498276970120568
        },
        "16751356875123318316S": {
            "pending": 0.0,
            "received": 22.153567598566184
        },
        "1550237112009583248S": {
            "pending": 0.0,
            "received": 23.125145850960386
        },
        "11871132970957735350S": {
            "pending": 0.0,
            "received": 8.308696330440336
        },
        "15154873421182586410S": {
            "pending": 0.05018730608345,
            "received": 0.5005844982809311
        },
        "5686868915809632438S": {
            "pending": 0.0,
            "received": 35.14839320585844
        },
        "10321154974050776080S": {
            "pending": 0.0567507496739456,
            "received": 0.11830183202419303
        },
        "12249152476983107122S": {
            "pending": 0.0,
            "received": 64.2174945004351
        },
        "16621562990240483892S": {
            "pending": 0.04430310783000194,
            "received": 0.2127037852003858
        },
        "10098237463184565839S": {
            "pending": 0,
            "received": 0.7716005491663791
        },
        "16216354076214778784S": {
            "pending": 0,
            "received": 0.25575680497786724
        },
        "152141753366209024S": {
            "pending": 0.0,