{
    "lastpayout": 1549856195,
    "accounts": {
        "15569777031855020681S": {
            "received": 54.46681337794096,
            "pending": 0.0
        },
        "8894347271842723832S": {
            "received": 69.15651316091807,
            "pending": 0.0
        },
        "13572441164517337177S": {
            "received": 0.3382183131548948,
            "pending": 0.039100761017107875
        },
        "14448249721461697427S": {
            "received": 14.335159328087657,
            "pending": 0.0
        },
        "12567931379234371677S": {
            "received": 1.2271124954327126,
            "pending": 2.5573724048690118e-05
        },
        "2244004033526466392S": {
            "received": 0.24396042961190464,
            "pending": 0.00035851126492633906
        },
        "5553237885554746888S": {
            "received": 2.886413475913101,
            "pending": 0
        },
        "3258153077104986360S": {
            "received": 48.55786503732597,
            "pending": 0.0
        },
        "8053912614346489082S": {
            "received": 0.0,
            "pending": 0.036609424202962544
        },
        "6597355616793179846S": {
            "received": 0.0,
            "pending": 0.0062505852836912575
        },
        "2851445163152870095S": {
            "received": 106.08581577133164,
            "pending": 0.0
        },
        "4744762823287612200S": {
            "received": 0.8708117761181037,
            "pending": 0
        },
        "15861756785873218793S": {
            "received": 20.826603448042704,
            "pending": 0.0
        },
        "11606441451495031974S": {
            "received": 0.903694816978379,
            "pending": 0.05838071294622131
        },
        "10467419700136114797S": {
            "received": 11.645308692093835,
            "pending": 0.0
        },
        "15734141278813972755S": {
            "received": 7.192505959471497,
            "pending": 0.0
        },
        "1258752876726108384S": {
            "received": 8.52807958796954,
            "pending": 0.0
        },
        "4663107790577362473S": {
            "received": 2.4344876510784546,
            "pending": 0.0
        },
        "10321154974050776080S": {
            "received": 0.3359485973657842,
            "pending": 0.054513149410405
        },
        "14156683224611581622S": {
            "received": 25.07373361487223,
            "pending": 0.0
        },
        "15773155524407127430S": {
            "received": 0.9929130613776489,
            "pending": 0.0
        },
        "1817868533720769718S": {
            "received": 13.098244708943232,
            "pending": 0.0
        },
        "13586143590570589215S": {
            "received": 5.168715211238758,
            "pending": 0.0
        },
        "17845458741146312138S": {
            "received": 0.10223482936913374,
            "pending": 0.032638916869051876
        },
        "10449120053901707942S": {
            "received": 1.4676075527706978,
            "pending": 0.073598481881692
        },
        "3852808042355427288S": {
            "received": 5.337218290644278,
            "pending": 0.0
        },
        "17645611333637478692S": {
            "received": 0.10033690301840166,
            "pending": 0.010040036185190667
        },
        "16641174155953209058S": {
            "received": 9.885420841901823,
            "pending": 0.0
        },
        "1970628074602046854S": {
            "received": 1.8985827462566758,
            "pending": 0.0
        },
        "943285078285187201S": {
            "received": 13.672120387399197,
            "pending": 0.0
        },
        "10797340332804116294S": {
            "received": 1.1462055353418616,
            "pending": 0
        },
        "2628113835314385086S": {
            "received": 1.310673997586863,
            "pending": 0
        },
        "5005709220550032357S": {
            "received": 5.302394291558186,
            "pending": 0.0
        },
        "17489004316462862977S": {
            "received": 6.671800748576074,
            "pending": 0.0
        },
        "17571139477294864364S": {
            "received": 159.71065252064506,
            "pending": 0.0
        },
        "12525711914127676053S": {
            "received": 1.3404692436688146,
            "pending": 0.08400143006875319
        },
        "11085363192584989547S": {
            "received": 4.119171637736739,
            "pending": 0
        },
        "10081536518261673337S": {
            "received": 12.292321236471656,
            "pending": 0.0
        },
        "15448943008829020507S": {
            "received": 5.855803324521841,
            "pending": 0.0
        },
        "6934198033594185762S": {
            "received": 12.099102854394543,
            "pending": 0.0
        },
        "4895669772553333916S": {
            "received": 8.981872524672248,
            "pending": 0.0
        },
        "1534222197080935475S": {
            "received": 8.619353988262432,
            "pending": 0.0
        },
        "9184018714284974913S": {
            "received": 0.0,
            "pending": 0.003085416477274373
        },
        "11119157255042636191S": {
            "received": 6.861601881022931,
            "pending": 0.0
        },
        "11965252341664982224S": {
            "received": 0.1142469072680402,
            "pending": 0.00026009568743370567
        },
        "9126093206592523027S": {
            "received": 2.4982635736427126,
            "pending": 0
        },
        "12980275807187407333S": {
            "received": 0.2045942319859576,
            "pending": 0.059547061038291826
        },
        "16751356875123318316S": {
            "received": 46.627247061711465,
            "pending": 0.0
        },
        "9133065595720782814S": {
            "received": 12.51516415758646,
            "pending": 0.0
        },
        "18167259303553226089S": {
            "received": 48.74440498787222,
            "pending": 0.0
        },
        "9449227620415936880S": {
            "received": 5.508986813292496,
            "pending": 0.0
        },
        "15999348859093551866S": {
            "received": 2.362574093069174,
            "pending": 0.0
        },
        "3715810936410758099S": {
            "received": 5.915836285715156,
            "pending": 0.0
        },
        "14184009811430302815S": {
            "received": 1.266818684628477,
            "pending": 1.931796703725968e-05
        },
        "10770784031370294457S": {
            "received": 4.791139013324621,
            "pending": 0.0
        },
        "17047213952582854284S": {
            "received": 6.715873540242615,
            "pending": 0.0
        },
        "16604498262787286373S": {
            "received": 59.80911852829914,
            "pending": 0.0
        },
        "152141753366209024S": {
            "received": 18.77396902399092,
            "pending": 0.0
        },
        "5957569542296945204S": {
            "received": 1.9378117433735929,
            "pending": 0.0
        },
        "17355564170321453343S": {
            "received": 0.21775839256255825,
            "pending": 0.06353125606535351
        },
        "18165115242939141342S": {
            "received": 1.5121975391508202,
            "pending": 0.0011629192251122356
        },
        "3332349765545836465S": {
            "received": 14.084895462066203,
            "pending": 0.0
        },
        "9325998378347643411S": {
            "received": 2.309096226161978,
            "pending": 0
        },
        "11197634275799662072S": {
            "received": 0.44818593042809973,
            "pending": 0
        },
        "14706861753024051671S": {
            "received": 2.72380158086405,
            "pending": 0
        },
        "17370144303144262276S": {
            "received": 0.25348444880492127,
            "pending": 0.04096800735391219
        },