{
    "lastpayout": 1547938600,
    "pending": {},
    "accounts": {
        "1817868533720769718S": {
            "received": 11.230585013063608,
            "pending": 0.0
        },
        "14448249721461697427S": {
            "received": 12.297310942869665,
            "pending": 0.0
        },
        "16621562990240483892S": {
            "received": 0.4209342394984439,
            "pending": 0.05637508765950792
        },
        "3129853312420103608S": {
            "received": 17.203308992055945,
            "pending": 0.0
        },
        "6338508696620308738S": {
            "received": 16.653766741596712,
            "pending": 0.0
        },
        "15448943008829020507S": {
            "received": 4.467234144746263,
            "pending": 0.0
        },
        "5291070292665466497S": {
            "received": 11.802209217745395,
            "pending": 0.0
        },
        "17370144303144262276S": {
            "received": 0.25348444880492127,
            "pending": 0.040962538676595925
        },
        "11169617642535134043S": {
            "received": 17.786793988126092,
            "pending": 0.0
        },
        "2628113835314385086S": {
            "received": 0.8705085040792615,
            "pending": 0.0979098672184405
        },
        "17355564170321453343S": {
            "received": 0.21775839256255825,
            "pending": 0.026138858685747765
        },
        "10894601799531540343S": {
            "received": 0.0,
            "pending": 0.051789425043243034
        },
        "8053912614346489082S": {
            "received": 0.0,
            "pending": 0.018266820355544836
        },
        "12670108380237338481S": {
            "received": 10.275837942768927,
            "pending": 0.0
        },
        "16216354076214778784S": {
            "received": 0.9914969497105188,
            "pending": 0
        },
        "1534222197080935475S": {
            "received": 7.473038874779055,
            "pending": 0.0
        },
        "8894347271842723832S": {
            "received": 59.9619388158111,
            "pending": 0.0
        },
        "15861756785873218793S": {
            "received": 14.164074209635523,
            "pending": 0.0
        },
        "17594074255359799398S": {
            "received": 0.8592225425314859,
            "pending": 0.06426719811846568
        },
        "11381476088599362396S": {
            "received": 0.9634583890133521,
            "pending": 0
        },
        "1258752876726108384S": {
            "received": 6.584031602897271,
            "pending": 0.0
        },
        "10361755960307035310S": {
            "received": 13.564574154693323,
            "pending": 0.0
        },
        "16728883373258802077S": {
            "received": 0.5334984900597761,
            "pending": 0.09568428591611547
        },
        "11698019401148428133S": {
            "received": 0.2121564820253415,
            "pending": 0
        },
        "2851445163152870095S": {
            "received": 91.96666019679034,
            "pending": 0.0
        },
        "12579559320967539926S": {
            "received": 1.5361698008435014,
            "pending": 0.09485513458241686
        },
        "7448213987540851197S": {
            "received": 0.41420316057730827,
            "pending": 0
        },
        "12249152476983107122S": {
            "received": 117.1860289428291,
            "pending": 0.0
        },
        "10770784031370294457S": {
            "received": 3.097661931052011,
            "pending": 0.0
        },
        "6067937206682386488S": {
            "received": 1.728369062853211,
            "pending": 0
        },
        "17845458741146312138S": {
            "received": 0.0,
            "pending": 0.08725910138217205
        },
        "2460974585142981360S": {
            "received": 4.525860983518934,
            "pending": 0.0
        },
        "6668168159687008651S": {
            "received": 0.639356327012675,
            "pending": 0.07144945077293144
        },
        "10461778414848986532S": {
            "received": 12.792951648147845,
            "pending": 0.0
        },
        "5553237885554746888S": {
            "received": 2.469117576094018,
            "pending": 0
        },
        "13787435077998976646S": {
            "received": 2.122822647187388,
            "pending": 0
        },
        "5005709220550032357S": {
            "received": 4.5972717763705635,
            "pending": 0.0
        },
        "1550237112009583248S": {
            "received": 42.12648486668448,
            "pending": 0.0
        },
        "8720089909028317580S": {
            "received": 32.62690700850626,
            "pending": 0.0
        },
        "14687091744950430134S": {
            "received": 0.0,
            "pending": 0.00028883186492856315
        },
        "16641174155953209058S": {
            "received": 8.57090882986612,
            "pending": 0.0
        },
        "10321154974050776080S": {
            "received": 0.3359485973657842,
            "pending": 0
        },
        "16201202588872164609S": {
            "received": 3.7492393138964273,
            "pending": 0.0
        },
        "15073035977129307459S": {
            "received": 12.590675731873414,
            "pending": 0.0
        },
        "14156057994616021440S": {
            "received": 12.33829847401779,
            "pending": 0.0
        },
        "9133065595720782814S": {
            "received": 10.637489317521206,
            "pending": 0.0
        },
        "5686868915809632438S": {
            "received": 64.13057092623704,
            "pending": 0.0
        },
        "10962402274596135874S": {
            "received": 1.9635291367270271,
            "pending": 0.0
        },
        "15734141278813972755S": {
            "received": 6.589961905617419,
            "pending": 0.0
        },
        "215644160295070055S": {
            "received": 43.893222958488664,
            "pending": 0.0
        },
        "11871132970957735350S": {
            "received": 15.131591265649794,
            "pending": 0.0
        },
        "585710018947350625S": {
            "received": 0.3363788301137469,
            "pending": 0.042327398915858044
        },
        "1049992629438017539S": {
            "received": 3.707271088472555,
            "pending": 0.0
        },
        "7293103698522095418S": {
            "received": 5.729620462892321,
            "pending": 0.0
        },
        "10797340332804116294S": {
            "received": 0.8513571672697793,
            "pending": 0.06993201946665287
        },
        "6977907775043230289S": {
            "received": 1.7461290424245086,
            "pending": 0.09318834717834497
        },
        "18167259303553226089S": {
            "received": 42.28040226351521,
            "pending": 0.0
        },
        "16560014039590311078S": {
            "received": 4.50489025300117,
            "pending": 0.0
        },
        "12525711914127676053S": {
            "received": 1.2155151846260852,
            "pending": 0.09366621291959154
        },
        "9505110567395001657S": {
            "received": 0.487526316809066,
            "pending": 0
        },
        "3258153077104986360S": {
            "received": 42.118565076131745,
            "pending": 0.0
        },
        "927849505798557777S": {
            "received": 14.177013315293499,
            "pending": 0.0
        },
        "10240602760270541626S": {
            "received": 0.6096944621325928,
            "pending": 0
        },
        "4744762823287612200S": {
            "received": 0.6416774543079928,
            "pending": 0.05434141658855085
        },
        "10098237463184565839S": {
            "received": 1.433128218268358,
            "pending": 0
        },
        "9126093206592523027S": {
            "received": 2.216500410090735,
            "pending": 0.06009740188745731
        },