{
    "pending": {},
    "accounts": {
        "10081536518261673337S": {
            "pending": 0.0,
            "received": 8.857610359266229
        },
        "11169617642535134043S": {
            "pending": 0.0,
            "received": 14.970324848358791
        },
        "12530296953711547432S": {
            "pending": 0.0,
            "received": 4.176648983396505
        },
        "10321154974050776080S": {
            "pending": 0.061834376329684,
            "received": 0.21983435245209568
        },
        "14156057994616021440S": {
            "pending": 0.0,
            "received": 10.20947795280185
        },
        "7448213987540851197S": {
            "pending": 0.0452647082026918,
            "received": 0.0
        },
        "10467419700136114797S": {
            "pending": 0.0,
            "received": 8.34059289246821
        },
        "16216354076214778784S": {
            "pending": 0.0910380063187078,
            "received": 0.6559150722448597
        },
        "215644160295070055S": {
            "pending": 0.0,
            "received": 35.47815163935671
        },
        "3674359349783883746S": {
            "pending": 0.07292356229639838,
            "received": 0.0
        },
        "17355564170321453343S": {
            "pending": 0.09597147882001653,
            "received": 0.11077669131844611
        },
        "15734141278813972755S": {
            "pending": 0.0,
            "received": 6.014243866722719
        },
        "8720089909028317580S": {
            "pending": 0.0,
            "received": 27.53081339627927
        },
        "16604498262787286373S": {
            "pending": 0.0,
            "received": 43.65020991915564
        },
        "17845458741146312138S": {
            "pending": 0.039856304063446577,
            "received": 0.0
        },
        "8894347271842723832S": {
            "pending": 0.0,
            "received": 50.8177466135189
        },
        "6903517031979936221S": {
            "pending": 0.0,
            "received": 3.459903242149128
        },
        "16560014039590311078S": {
            "pending": 0.0,
            "received": 3.71257894351462
        },
        "15411264051019796157S": {
            "pending": 0.0,
            "received": 4.240991186240119
        },
        "13572441164517337177S": {
            "pending": 0.04036248681525443,
            "received": 0.11958041132078082
        },
        "11996797827555955330S": {
            "pending": 0.04430987843366321,
            "received": 0.32617250478440646
        },
        "69120280142071075S": {
            "pending": 0.0,
            "received": 0.9495297085215756
        },
        "16589107352217526952S": {
            "pending": 0.0,
            "received": 3.7079822959103184
        },
        "1258752876726108384S": {
            "pending": 0.0,
            "received": 4.693137232535403
        },
        "2460974585142981360S": {
            "pending": 0.0,
            "received": 3.8354537717304176
        },
        "9325998378347643411S": {
            "pending": 0,
            "received": 1.6026320094860158
        },
        "15154873421182586410S": {
            "pending": 0.07979254932840202,
            "received": 0.8891657410029568
        },
        "6338508696620308738S": {
            "pending": 0.0,
            "received": 14.081071833760062
        },
        "4663107790577362473S": {
            "pending": 0.0,
            "received": 1.0312484937241193
        },
        "16751356875123318316S": {
            "pending": 0.0,
            "received": 34.252494311724526
        },
        "6954295320478186628S": {
            "pending": 0.0005202840004359747,
            "received": 0.0
        },
        "5005709220550032357S": {
            "pending": 0.0,
            "received": 3.8962007664384504
        },
        "2864297953339225503S": {
            "pending": 0.0,
            "received": 7.4896671120234055
        },
        "1049992629438017539S": {
            "pending": 0.0,
            "received": 3.067758567539178
        },
        "12579559320967539926S": {
            "pending": 0,
            "received": 1.327648048609344
        },
        "11965252341664982224S": {
            "pending": 0.00018769320515246468,
            "received": 0.1142469072680402
        },
        "2851445163152870095S": {
            "pending": 0.0,
            "received": 77.92932804324472
        },
        "10361755960307035310S": {
            "pending": 0.0,
            "received": 11.49510140420778
        },
        "7124068854238347094S": {
            "pending": 0.0915119832425176,
            "received": 1.089637108332626
        },
        "13236510448065713857S": {
            "pending": 0,
            "received": 0.8070543716940781
        },
        "5957569542296945204S": {
            "pending": 0.0,
            "received": 0.48213043501167885
        },
        "17370144303144262276S": {
            "pending": 0.040957092191714235,
            "received": 0.25348444880492127
        },
        "152141753366209024S": {
            "pending": 0.0,
            "received": 13.79271089235842
        },
        "12525711914127676053S": {
            "pending": 0.022894135104706538,
            "received": 1.2155151846260852
        },
        "2244004033526466392S": {
            "pending": 0,
            "received": 0.1352113815100408
        },
        "1817868533720769718S": {
            "pending": 0.0,
            "received": 9.41584247382551
        },
        "2358067426585635922S": {
            "pending": 0,
            "received": 0.10271426333432876
        },
        "4294271027440884090S": {
            "pending": 0.0,
            "received": 6.311981922396334
        },
        "11381476088599362396S": {
            "pending": 0.09732454249701314,
            "received": 0.7216971322077336
        },
        "10240602760270541626S": {
            "pending": 0,
            "received": 0.48893322277895873
        },
        "3129853312420103608S": {
            "pending": 0.0,
            "received": 14.627200462931171
        },
        "10098237463184565839S": {
            "pending": 0.07984396147788146,
            "received": 1.1127140712633397
        },
        "13787435077998976646S": {
            "pending": 0,
            "received": 1.7916273105524156
        },
        "4022956614220159274S": {
            "pending": 0.08535380099671758,
            "received": 1.1894841974031454
        },
        "17645611333637478692S": {
            "pending": 0.08115711443555439,
            "received": 0.0
        },
        "11197634275799662072S": {
            "pending": 0.0794523819477481,
            "received": 0.22890198196789144
        },
        "10894601799531540343S": {
            "pending": 0.04534495534167488,
            "received": 0.0
        },
        "10962402274596135874S": {
            "pending": 0.0,
            "received": 1.3005876121646935
        },
        "10461778414848986532S": {
            "pending": 0.0,
            "received": 10.840705570085012
        },
        "6934198033594185762S": {
            "pending": 0.0,
            "received": 8.746086229389078
        },
        "9204870986494269987S": {
            "pending": 0.0385780250008674,
            "received": 0.0
        },
        "828291801063561764S": {
            "pending": 0,
            "received": 0.6288021191150486
        },
        "7938942713579521733S": {
            "pending": 0.030365509965279515,
            "received": 0.0
        },
        "15861756785873218793S": {
            "pending": 0.0,
            "received": 7.539390393254759
        },
        "18167259303553226089S": {
            "pending": 0.0,
            "received": 35.846696265152886
        },
        "13313129586976065786S": {
            "pending": 0.08380175267712975,
            "received": 1.1678007372899493
        },