{
    "accounts": {
        "8894347271842723832S": {
            "received": 71.93715643155694,
            "pending": 0.0
        },
        "1049992629438017539S": {
            "received": 4.544896956142326,
            "pending": 0.0
        },
        "12670108380237338481S": {
            "received": 12.533182920116527,
            "pending": 0.0
        },
        "15506378572793905572S": {
            "received": 0.5241011963777468,
            "pending": 0.0
        },
        "6067937206682386488S": {
            "received": 2.293804185284498,
            "pending": 0
        },
        "3258153077104986360S": {
            "received": 50.504305834956426,
            "pending": 0.0
        },
        "17355564170321453343S": {
            "received": 0.21775839256255825,
            "pending": 0.07483283212890728
        },
        "10770784031370294457S": {
            "received": 5.303362458554261,
            "pending": 0.0
        },
        "1534222197080935475S": {
            "received": 8.96601994891728,
            "pending": 0.0
        },
        "13429318653173453932S": {
            "received": 2.9939797850550876,
            "pending": 0
        },
        "14156683224611581622S": {
            "received": 26.09309928223569,
            "pending": 0.0
        },
        "10449120053901707942S": {
            "received": 1.6031990163578826,
            "pending": 0
        },
        "16641174155953209058S": {
            "received": 10.28297803989234,
            "pending": 0.0
        },
        "11606441451495031974S": {
            "received": 1.0133497972074883,
            "pending": 0
        },
        "2851445163152870095S": {
            "received": 110.35643161773208,
            "pending": 0.0
        },
        "15999348859093551866S": {
            "received": 2.645614603565296,
            "pending": 0.0
        },
        "5291070292665466497S": {
            "received": 14.36699825044563,
            "pending": 0.0
        },
        "16621562990240483892S": {
            "received": 0.5289437611007963,
            "pending": 0.053283138830947485
        },
        "8038328048097695887S": {
            "received": 0.1026891066855861,
            "pending": 0.023687355635374555
        },
        "585710018947350625S": {
            "received": 0.4392391398163966,
            "pending": 0.018314451230695437
        },
        "11381476088599362396S": {
            "received": 1.1064317917462763,
            "pending": 0.04420947746634353
        },
        "3715810936410758099S": {
            "received": 6.148186558138134,
            "pending": 0.0
        },
        "11169617642535134043S": {
            "received": 21.54019049014492,
            "pending": 0.0
        },
        "12249152476983107122S": {
            "received": 140.63008857583281,
            "pending": 0.0
        },
        "2358067426585635922S": {
            "received": 0.22146338146199349,
            "pending": 0.08961420347657115
        },
        "3129853312420103608S": {
            "received": 20.578519281715447,
            "pending": 0.0
        },
        "215644160295070055S": {
            "received": 54.91610809965857,
            "pending": 0.0
        },
        "12567931379234371677S": {
            "received": 1.2271124954327126,
            "pending": 2.780285732850665e-05
        },
        "9449227620415936880S": {
            "received": 5.730583186287156,
            "pending": 0.0
        },
        "14448249721461697427S": {
            "received": 14.960320338588627,
            "pending": 0.0
        },
        "15734141278813972755S": {
            "received": 7.379337781266184,
            "pending": 0.0
        },
        "11181906801996287483S": {
            "received": 4.725052488282725,
            "pending": 0.0
        },
        "17594074255359799398S": {
            "received": 1.1526641588166986,
            "pending": 0.07620192774516758
        },
        "12530296953711547432S": {
            "received": 5.914114705498665,
            "pending": 0.0
        },
        "943285078285187201S": {
            "received": 14.270277254441766,
            "pending": 0.0
        },
        "16751356875123318316S": {
            "received": 48.50417465401657,
            "pending": 0.0
        },
        "7124068854238347094S": {
            "received": 1.748715266368312,
            "pending": 0
        },
        "11698019401148428133S": {
            "received": 0.2121564820253415,
            "pending": 0.046796714707816656
        },
        "11085363192584989547S": {
            "received": 4.389138040585659,
            "pending": 0
        },
        "3852808042355427288S": {
            "received": 5.551948902131649,
            "pending": 0.0
        },
        "17489004316462862977S": {
            "received": 7.02154622301832,
            "pending": 0.0
        },
        "16604498262787286373S": {
            "received": 62.26013803963665,
            "pending": 0.0
        },
        "5686868915809632438S": {
            "received": 76.95243503460946,
            "pending": 0.0
        },
        "13586143590570589215S": {
            "received": 5.376647018764223,
            "pending": 0.0
        },
        "6597355616793179846S": {
            "received": 0.0,
            "pending": 0.009006063066718185
        },
        "61800475831569831S": {
            "received": 0.10007186517383707,
            "pending": 0.004632234128168405
        },
        "15773155524407127430S": {
            "received": 1.4374896009370142,
            "pending": 0.0
        },
        "15448943008829020507S": {
            "received": 6.275795647871128,
            "pending": 0.0
        },
        "9204870986494269987S": {
            "received": 0.0,
            "pending": 0.03863280248495428
        },
        "10361755960307035310S": {
            "received": 16.27549140059116,
            "pending": 0.0
        },
        "7293103698522095418S": {
            "received": 6.971174578498218,
            "pending": 0.0
        },
        "18167259303553226089S": {
            "received": 50.69831437768255,
            "pending": 0.0
        },
        "5005709220550032357S": {
            "received": 5.5157300167723236,
            "pending": 0.0
        },
        "4294271027440884090S": {
            "received": 9.259484799106025,
            "pending": 0.0
        },
        "18055268634441448253S": {
            "received": 7.3235870126625295,
            "pending": 0.0
        },
        "11197634275799662072S": {
            "received": 0.44818593042809973,
            "pending": 0.02118213845501704
        },
        "10467419700136114797S": {
            "received": 12.16184229472092,
            "pending": 0.0
        },
        "10894601799531540343S": {
            "received": 0.0,
            "pending": 0.06520291531289645
        },
        "6338508696620308738S": {
            "received": 17.46732386972313,
            "pending": 0.00040955886801240726
        },
        "15861756785873218793S": {
            "received": 22.841793399845923,
            "pending": 0.0
        },
        "8779864208306149283S": {
            "received": 0.12820050092368898,
            "pending": 0.0
        },
        "6668168159687008651S": {
            "received": 0.9700722972872203,
            "pending": 0.0871367185232772
        },
        "9133065595720782814S": {
            "received": 13.104378976447306,
            "pending": 0.0
        },
        "7938942713579521733S": {
            "received": 0.0,
            "pending": 0.053574895666450295
        },
        "9184018714284974913S": {
            "received": 0.0,
            "pending": 0.0036336041091502196
        },
        "16728883373258802077S": {
            "received": 0.7954909990362302,
            "pending": 0.05028789447123661
        },
        "8720089909028317580S": {
            "received": 38.854661524175135,