{
    "accounts": {
        "12670108380237338481S": {
            "received": 13.467636302842548,
            "pending": 0.0
        },
        "1550237112009583248S": {
            "received": 53.903055308511014,
            "pending": 0.0
        },
        "6067937206682386488S": {
            "received": 2.533665518816154,
            "pending": 0
        },
        "9204870986494269987S": {
            "received": 0.0,
            "pending": 0.03864533815196642
        },
        "11381476088599362396S": {
            "received": 1.2260052110415396,
            "pending": 0
        },
        "4022956614220159274S": {
            "received": 1.926160184234044,
            "pending": 0
        },
        "12567931379234371677S": {
            "received": 1.2271124954327126,
            "pending": 3.1683036612254516e-05
        },
        "13236510448065713857S": {
            "received": 1.8318442215510864,
            "pending": 0
        },
        "11169617642535134043S": {
            "received": 23.079228270146654,
            "pending": 0.0
        },
        "10449120053901707942S": {
            "received": 1.7111413058876968,
            "pending": 0
        },
        "4895669772553333916S": {
            "received": 10.11300827219135,
            "pending": 0.0
        },
        "40034563516441201S": {
            "received": 0.5769700618807758,
            "pending": 0.0
        },
        "10321154974050776080S": {
            "received": 0.3359485973657842,
            "pending": 0.09965696683123085
        },
        "4744762823287612200S": {
            "received": 1.0157594317442675,
            "pending": 0
        },
        "1534222197080935475S": {
            "received": 9.569787261879405,
            "pending": 0.0
        },
        "3129853312420103608S": {
            "received": 22.018079037428205,
            "pending": 0.0
        },
        "5957569542296945204S": {
            "received": 2.5431646204122895,
            "pending": 0.0
        },
        "9325998378347643411S": {
            "received": 2.626190792970501,
            "pending": 0
        },
        "10361755960307035310S": {
            "received": 17.371950406972996,
            "pending": 0.0
        },
        "14448249721461697427S": {
            "received": 16.05905899745694,
            "pending": 0.0
        },
        "16589107352217526952S": {
            "received": 5.6030945997323185,
            "pending": 0.0
        },
        "13184036139539914851S": {
            "received": 15.401756884290842,
            "pending": 0.0
        },
        "9126093206592523027S": {
            "received": 2.632768819481825,
            "pending": 0.06845221313257856
        },
        "2851445163152870095S": {
            "received": 117.79513470475605,
            "pending": 0.0
        },
        "14687091744950430134S": {
            "received": 0.0,
            "pending": 0.00039338069816729213
        },
        "4132777636262503477S": {
            "received": 8.130491180157925,
            "pending": 0.0
        },
        "7293103698522095418S": {
            "received": 7.467226730536403,
            "pending": 0.0
        },
        "18122207184714446037S": {
            "received": 0.0,
            "pending": 0.0008154999883634188
        },
        "10467419700136114797S": {
            "received": 13.071452652726107,
            "pending": 0.0
        },
        "5553237885554746888S": {
            "received": 3.2323393976523502,
            "pending": 0
        },
        "152141753366209024S": {
            "received": 20.84550184867032,
            "pending": 0.0
        },
        "3852808042355427288S": {
            "received": 5.925913048721684,
            "pending": 0.0
        },
        "14156683224611581622S": {
            "received": 27.934327792914225,
            "pending": 0.0
        },
        "13586143590570589215S": {
            "received": 5.738794283128305,
            "pending": 0.0
        },
        "15154873421182586410S": {
            "received": 1.6713587723095809,
            "pending": 0
        },
        "10770784031370294457S": {
            "received": 6.195446700822357,
            "pending": 0.0
        },
        "4294271027440884090S": {
            "received": 9.94118902324269,
            "pending": 0.0
        },
        "3674359349783883746S": {
            "received": 0.10283962486268149,
            "pending": 0.005095313439042334
        },
        "12530296953711547432S": {
            "received": 6.312666894970494,
            "pending": 0.0
        },
        "585710018947350625S": {
            "received": 0.4392391398163966,
            "pending": 0.0502200114241626
        },
        "2358067426585635922S": {
            "received": 0.3341565919281506,
            "pending": 0.024681285161249632
        },
        "3715810936410758099S": {
            "received": 6.55063894380547,
            "pending": 0.0
        },
        "17319638032784790343S": {
            "received": 1.368989456325249,
            "pending": 0.0
        },
        "10797340332804116294S": {
            "received": 1.271412711991435,
            "pending": 0.06118516802867986
        },
        "17845458741146312138S": {
            "received": 0.10223482936913374,
            "pending": 0.07207386030168161
        },
        "828291801063561764S": {
            "received": 0.8557510716046177,
            "pending": 0.09433725519272737
        },
        "15734141278813972755S": {
            "received": 7.710968229195687,
            "pending": 0.0
        },
        "12828528092202122577S": {
            "received": 0.0,
            "pending": 0.022093366215331114
        },
        "11698019401148428133S": {
            "received": 0.2121564820253415,
            "pending": 0.06567795091253206
        },
        "1049992629438017539S": {
            "received": 4.883663600754539,
            "pending": 0.0
        },
        "4663107790577362473S": {
            "received": 3.05507413695115,
            "pending": 0.0
        },
        "868886864114711897S": {
            "received": 0.23858899544834497,
            "pending": 0.0
        },
        "61800475831569831S": {
            "received": 0.10007186517383707,
            "pending": 0.010416836752086264
        },
        "943285078285187201S": {
            "received": 15.321941171832457,
            "pending": 0.0
        },
        "3258153077104986360S": {
            "received": 53.892953128461286,
            "pending": 0.0
        },
        "9184018714284974913S": {
            "received": 0.0,
            "pending": 0.0045878163637833435
        },
        "16604498262787286373S": {
            "received": 66.5294943494575,
            "pending": 0.0
        },
        "11606441451495031974S": {
            "received": 1.0133497972074883,
            "pending": 0.09217262411765899
        },
        "10098237463184565839S": {
            "received": 1.9079977453638786,
            "pending": 0
        },
        "15073035977129307459S": {
            "received": 19.045364677609047,
            "pending": 0.0
        },
        "5005709220550032357S": {
            "received": 5.887215968582157,
            "pending": 0.0
        },
        "17047213952582854284S": {
            "received": 7.3791229292678215,
            "pending": 0.0
        },
        "11181906801996287483S": {
            "received": 5.118974243415092,
            "pending": 0.0
        },
        "2244004033526466392S": {
            "received": 0.24396042961190464,
            "pending": 0.09078363732412109
        },
        "6338508696620308738S": {
            "received": 17.46732386972313,
            "pending": 0.0006296116512136119
        },
        "6903517031979936221S": {
            "received": 8.469869795468533,
            "pending": 0.0
        },
        "16728883373258802077S": {
            "received": 0.9358792619043381,