{
    "accounts": {
        "1258752876726108384S": {
            "received": 2.5937142697078626,
            "pending": 0.0
        },
        "17272715786839773193S": {
            "received": 2.336615577668511,
            "pending": 0.0
        },
        "14184009811430302815S": {
            "received": 1.266818684628477,
            "pending": 6.09180758098338e-06
        },
        "18055268634441448253S": {
            "received": 4.001735222465864,
            "pending": 0.0
        },
        "18167259303553226089S": {
            "received": 28.516827733105586,
            "pending": 0.0
        },
        "12530296953711547432S": {
            "received": 3.320818815021699,
            "pending": 0.0
        },
        "6338508696620308738S": {
            "received": 11.153366913805389,
            "pending": 0.0
        },
        "16589107352217526952S": {
            "received": 2.9483988379573143,
            "pending": 0.0
        },
        "828291801063561764S": {
            "received": 0.5000180191339513,
            "pending": 0
        },
        "16604498262787286373S": {
            "received": 34.48373484574239,
            "pending": 0.0
        },
        "17571139477294864364S": {
            "received": 93.09034791841665,
            "pending": 0.0
        },
        "11119157255042636191S": {
            "received": 3.651462079278108,
            "pending": 0.0
        },
        "2460974585142981360S": {
            "received": 3.0497284986251803,
            "pending": 0.0
        },
        "9126093206592523027S": {
            "received": 1.819078303059051,
            "pending": 0
        },
        "1049992629438017539S": {
            "received": 2.339784617530566,
            "pending": 0.0
        },
        "15569777031855020681S": {
            "received": 31.859929058975283,
            "pending": 0.0
        },
        "11050252519837691755S": {
            "received": 7.90682351092158,
            "pending": 0.0
        },
        "5005709220550032357S": {
            "received": 3.098277510020359,
            "pending": 0.0
        },
        "943285078285187201S": {
            "received": 7.724006801134307,
            "pending": 0.0
        },
        "16751356875123318316S": {
            "received": 27.232146739443245,
            "pending": 0.0
        },
        "12567931379234371677S": {
            "received": 1.2271124954327126,
            "pending": 2.471060759047906e-06
        },
        "12525711914127676053S": {
            "received": 1.1134688121791108,
            "pending": 0.09504384533177798
        },
        "17836460686258279109S": {
            "received": 7.705533006536976,
            "pending": 0.0
        },
        "13787435077998976646S": {
            "received": 1.4245045071952933,
            "pending": 0
        },
        "14156683224611581622S": {
            "received": 14.529825516621033,
            "pending": 0.0
        },
        "2738874115153334556S": {
            "received": 4.9724994685571104,
            "pending": 0.0
        },
        "4663107790577362473S": {
            "received": 0.23478570205286853,
            "pending": 0.0
        },
        "11169617642535134043S": {
            "received": 11.81420108860487,
            "pending": 0.0
        },
        "18122207184714446037S": {
            "received": 0.0,
            "pending": 0.00032088137547617415
        },
        "215644160295070055S": {
            "received": 25.900646518021325,
            "pending": 0.0
        },
        "9325998378347643411S": {
            "received": 1.2235210853557206,
            "pending": 0
        },
        "9204870986494269987S": {
            "received": 0.0,
            "pending": 0.038550963233880485
        },
        "16641174155953209058S": {
            "received": 5.7759014682298275,
            "pending": 0.0
        },
        "2864297953339225503S": {
            "received": 5.841420148952884,
            "pending": 0.0
        },
        "16560014039590311078S": {
            "received": 2.8918269601942406,
            "pending": 0.0
        },
        "10461778414848986532S": {
            "received": 8.619187015361709,
            "pending": 0.0
        },
        "16216354076214778784S": {
            "received": 0.37862094131804036,
            "pending": 0.08446517912760418
        },
        "5291070292665466497S": {
            "received": 7.77558086017503,
            "pending": 0.0
        },
        "15448943008829020507S": {
            "received": 1.5160173808701884,
            "pending": 0.0
        },
        "1817868533720769718S": {
            "received": 7.398446937162419,
            "pending": 0.0
        },
        "6067937206682386488S": {
            "received": 0.8606373883242833,
            "pending": 0.0
        },
        "17104308003786288778S": {
            "received": 1.6321162069935995,
            "pending": 0.0006294220896971343
        },
        "3129853312420103608S": {
            "received": 11.695995698041957,
            "pending": 0.0
        },
        "6934198033594185762S": {
            "received": 6.902767699124352,
            "pending": 0.0
        },
        "4446910057799968777S": {
            "received": 0.0,
            "pending": 0.07724192825390283
        },
        "13429318653173453932S": {
            "received": 1.5209109882806728,
            "pending": 0
        },
        "17740111341613835228S": {
            "received": 5.33354889315909,
            "pending": 0.0
        },
        "4294271027440884090S": {
            "received": 4.926540042654356,
            "pending": 0.0
        },
        "14156057994616021440S": {
            "received": 7.874222777385608,
            "pending": 0.0
        },
        "7124068854238347094S": {
            "received": 0.8185866379134533,
            "pending": 0.0825676461739824
        },
        "10467419700136114797S": {
            "received": 6.540475424080012,
            "pending": 0.0
        },
        "11085363192584989547S": {
            "received": 1.3294140860214256,
            "pending": 0
        },
        "11181906801996287483S": {
            "received": 2.1619898700114226,
            "pending": 0.0
        },
        "927849505798557777S": {
            "received": 9.381148120194117,
            "pending": 0.0
        },
        "1523666487072516037S": {
            "received": 0.0,
            "pending": 0.06228360465502594
        },
        "17489004316462862977S": {
            "received": 3.2536277494319807,
            "pending": 0.0
        },
        "14706861753024051671S": {
            "received": 1.5916713043633677,
            "pending": 0
        },
        "10749969907367660119S": {
            "received": 30.129276870394495,
            "pending": 0.0
        },
        "3852808042355427288S": {
            "received": 3.1184215367165975,
            "pending": 0.0
        },
        "10894601799531540343S": {
            "received": 0.0,
            "pending": 0.03541941804689354
        },
        "12828528092202122577S": {
            "received": 0.0,
            "pending": 0.010366210416397464
        },
        "11928538336447495247S": {
            "received": 0.0,
            "pending": 0.05778762988342611
        },
        "18165115242939141342S": {
            "received": 1.5121975391508202,
            "pending": 0.0005044256293339207
        },
        "10321154974050776080S": {
            "received": 0.21983435245209568,
            "pending": 0
        },
        "9133065595720782814S": {
            "received": 6.70949880877166,
            "pending": 0.0
        },
        "10081536518261673337S": {
            "received": 6.908520156093656,
            "pending": 0.0
        },
        "5553237885554746888S": {
            "received": 1.593161496115227,
            "pending": 0
        },
        "18091986069341856412S": {
            "received": 33.64696408755245,