{
    "pending": {},
    "lastpayout": 1540131836,
    "accounts": {
        "14687091744950430134S": {
            "pending": 7.207433236983973e-05,
            "received": 0.0
        },
        "2864297953339225503S": {
            "pending": 0.0,
            "received": 2.1220029682280215
        },
        "18055268634441448253S": {
            "pending": 0.0,
            "received": 1.6510969753071818
        },
        "3129853312420103608S": {
            "pending": 0.0,
            "received": 4.936920701386878
        },
        "10081536518261673337S": {
            "pending": 0.0,
            "received": 2.510022047621928
        },
        "15154873421182586410S": {
            "pending": 0,
            "received": 0.2350814971480196
        },
        "17370144303144262276S": {
            "pending": 0.08264990197183571,
            "received": 0.13075337768261736
        },
        "152141753366209024S": {
            "pending": 0.0,
            "received": 4.590111843223534
        },
        "4294271027440884090S": {
            "pending": 0.0,
            "received": 1.9720705210582739
        },
        "10361755960307035310S": {
            "pending": 0.0,
            "received": 3.8258214744083254
        },
        "9013810013049907269S": {
            "pending": 0.0005745595505235537,
            "received": 0.0
        },
        "6338508696620308738S": {
            "pending": 0.0,
            "received": 4.54733733164177
        },
        "14706861753024051671S": {
            "pending": 0.0,
            "received": 0.6665130841297515
        },
        "15133100411994811836S": {
            "pending": 0.06254420399539101,
            "received": 0.27682398784086193
        },
        "10894601799531540343S": {
            "pending": 0.013209059239459978,
            "received": 0.0
        },
        "3674359349783883746S": {
            "pending": 0.028090437935856645,
            "received": 0.0
        },
        "5553237885554746888S": {
            "pending": 0.0,
            "received": 0.6528866460316006
        },
        "17047213952582854284S": {
            "pending": 0.0,
            "received": 1.5946988004589184
        },
        "16641174155953209058S": {
            "pending": 0.0,
            "received": 2.418048362408244
        },
        "3258153077104986360S": {
            "pending": 0.0,
            "received": 11.905007317845037
        },
        "17355564170321453343S": {
            "pending": 0.068903832131467,
            "received": 0.0
        },
        "10321154974050776080S": {
            "pending": 0.08000079581337045,
            "received": 0.0
        },
        "18091986069341856412S": {
            "pending": 0.0,
            "received": 13.754155929992885
        },
        "11119157255042636191S": {
            "pending": 0.0,
            "received": 1.3296109945634047
        },
        "6934198033594185762S": {
            "pending": 0.0,
            "received": 2.7895433545418773
        },
        "1550237112009583248S": {
            "pending": 0.0,
            "received": 11.907298021696633
        },
        "12579559320967539926S": {
            "pending": 0.04803133687283006,
            "received": 0.33941722839435795
        },
        "2851445163152870095S": {
            "pending": 0.0,
            "received": 25.92433749444241
        },
        "13313129586976065786S": {
            "pending": 0.07677061734940277,
            "received": 0.33987830500099137
        },
        "16604498262787286373S": {
            "pending": 0.0,
            "received": 14.31577587453853
        },
        "12249152476983107122S": {
            "pending": 0.0,
            "received": 33.03268844043928
        },
        "10449120053901707942S": {
            "pending": 0.06947233360701892,
            "received": 0.30757797251576124
        },
        "6668168159687008651S": {
            "pending": 0.038611412907863046,
            "received": 0.0
        },
        "14269746030136807703S": {
            "pending": 0.0753928497929594,
            "received": 0.33385611285947636
        },
        "16560014039590311078S": {
            "pending": 0.0,
            "received": 1.135712793524958
        },
        "17594074255359799398S": {
            "pending": 0.04086576769334951,
            "received": 0.12298333924629712
        },
        "17489004316462862977S": {
            "pending": 0.0,
            "received": 0.6812409614936445
        },
        "4022956614220159274S": {
            "pending": 0.07821735167913055,
            "received": 0.34625396689172117
        },
        "16216354076214778784S": {
            "pending": 0,
            "received": 0.10390929411981714
        },
        "5686868915809632438S": {
            "pending": 0.0,
            "received": 18.08144978546782
        },
        "15411264051019796157S": {
            "pending": 0.0,
            "received": 1.2798321376338155
        },
        "61800475831569831S": {
            "pending": 0.03143365861049699,
            "received": 0.0
        },
        "17645611333637478692S": {
            "pending": 0.027031812790899057,
            "received": 0.0
        },
        "828291801063561764S": {
            "pending": 0.08108783761130017,
            "received": 0.1282997274675826
        },
        "1534222197080935475S": {
            "pending": 0.0,
            "received": 2.1080914298214593
        },
        "11169617642535134043S": {
            "pending": 0.0,
            "received": 4.857966814258056
        },
        "7938942713579521733S": {
            "pending": 0.0061924613420791235,
            "received": 0.0
        },
        "9126093206592523027S": {
            "pending": 0.0,
            "received": 0.8799788719865396
        },
        "17272715786839773193S": {
            "pending": 0.0,
            "received": 0.6544300330913003
        },
        "2460974585142981360S": {
            "pending": 0.0,
            "received": 1.2765844138095432
        },
        "9449227620415936880S": {
            "pending": 0.0,
            "received": 1.3473142292075926
        },
        "2738874115153334556S": {
            "pending": 0.0,
            "received": 1.9929136002205363
        },
        "11871132970957735350S": {
            "pending": 0.0,
            "received": 4.2791046989842325
        },
        "11197634275799662072S": {
            "pending": 0.0776771475884199,
            "received": 0.0
        },
        "14184009811430302815S": {
            "pending": 0.0,
            "received": 0.8698696126303409
        },
        "7293103698522095418S": {
            "pending": 0.0,
            "received": 1.511900755974738
        },
        "943285078285187201S": {
            "pending": 0.0,
            "received": 3.1436035958412964
        },
        "927849505798557777S": {
            "pending": 0.0,
            "received": 3.838950878717885
        },
        "16201202588872164609S": {
            "pending": 0.0,
            "received": 0.24003333264508367
        },
        "12567931379234371677S": {
            "pending": 0.0,
            "received": 0.683641625964482
        },
        "6977907775043230289S": {
            "pending": 0.0,
            "received": 0.4368000326494443
        },
        "11698019401148428133S": {
            "pending": 0.059760436856324504,
            "received": 0.0
        },
        "17836460686258279109S": {
            "pending": 0.0,
            "received": 3.1354579885714706
        },
        "1049992629438017539S": {
            "pending": 0.0,
            "received": 0.6966942000612593
        },
        "3715810936410758099S": {
            "pending": 0.0,
            "received": 1.484577719233807
        },
        "13787435077998976646S": {
            "pending": 0.0,
            "received": 0.5961389204305283
        },
        "11381476088599362396S": {
            "pending": 0.04981433817501156,