{
    "accounts": {
        "12249152476983107122S": {
            "pending": 0.0,
            "received": 39.2429777990093
        },
        "9325998378347643411S": {
            "pending": 0,
            "received": 0.5556269674906731
        },
        "6954295320478186628S": {
            "pending": 0.00019087011900682593,
            "received": 0.0
        },
        "13313129586976065786S": {
            "pending": 0,
            "received": 0.49496770090504116
        },
        "11965252341664982224S": {
            "pending": 6.596484959062603e-05,
            "received": 0.1142469072680402
        },
        "11606441451495031974S": {
            "pending": 0,
            "received": 0.23804112450538378
        },
        "6338508696620308738S": {
            "pending": 0.0,
            "received": 5.441242973511374
        },
        "1534222197080935475S": {
            "pending": 0.0,
            "received": 2.5042993885341263
        },
        "17355564170321453343S": {
            "pending": 0.08184502258638099,
            "received": 0.0
        },
        "13429318653173453932S": {
            "pending": 0.0,
            "received": 0.783789909084225
        },
        "9204870986494269987S": {
            "pending": 0.03849803701548056,
            "received": 0.0
        },
        "10361755960307035310S": {
            "pending": 0.0,
            "received": 4.544899853424305
        },
        "5005709220550032357S": {
            "pending": 0.0,
            "received": 1.5408617024575273
        },
        "5553237885554746888S": {
            "pending": 0.0,
            "received": 0.7781338817945164
        },
        "15154873421182586410S": {
            "pending": 0.056836982499210244,
            "received": 0.2350814971480196
        },
        "12971935946804193869S": {
            "pending": 0.0,
            "received": 2.662588153183165
        },
        "10467419700136114797S": {
            "pending": 0.0,
            "received": 3.1601372193133788
        },
        "17272715786839773193S": {
            "pending": 0.0,
            "received": 0.7950771461003114
        },
        "4022956614220159274S": {
            "pending": 0,
            "received": 0.5042361927186344
        },
        "15411264051019796157S": {
            "pending": 0.0,
            "received": 1.535604315468796
        },
        "2460974585142981360S": {
            "pending": 0.0,
            "received": 1.516532550146733
        },
        "5291070292665466497S": {
            "pending": 0.0,
            "received": 3.773157008093341
        },
        "61800475831569831S": {
            "pending": 0.035800522258727784,
            "received": 0.0
        },
        "17104308003786288778S": {
            "pending": 7.769306025603318e-05,
            "received": 1.6321162069935995
        },
        "12828528092202122577S": {
            "pending": 0.005455808042474024,
            "received": 0.0
        },
        "17489004316462862977S": {
            "pending": 0.0,
            "received": 1.0170163285834053
        },
        "16560014039590311078S": {
            "pending": 0.0,
            "received": 1.3648162369405528
        },
        "943285078285187201S": {
            "pending": 0.0,
            "received": 3.748596403257251
        },
        "9449227620415936880S": {
            "pending": 0.0,
            "received": 1.600548031667419
        },
        "14156057994616021440S": {
            "pending": 0.0,
            "received": 3.6485139760332954
        },
        "11169617642535134043S": {
            "pending": 0.0,
            "received": 5.784872440294357
        },
        "3852808042355427288S": {
            "pending": 0.0,
            "received": 1.5507830412522154
        },
        "17645611333637478692S": {
            "pending": 0.03210942575059396,
            "received": 0.0
        },
        "215644160295070055S": {
            "pending": 0.0,
            "received": 12.419550200919897
        },
        "11197634275799662072S": {
           "pending": 0.09325670926250546,
            "received": 0.0
        },
        "12530296953711547432S": {
            "pending": 0.0,
            "received": 1.651110494240816
        },
        "9133065595720782814S": {
            "pending": 0.0,
            "received": 2.6832450101179126
        },
        "18055268634441448253S": {
            "pending": 0.0,
            "received": 1.9614057486151655
        },
        "11996797827555955330S": {
            "pending": 0.045907686756656504,
            "received": 0.10066601832287615
        },
        "10240602760270541626S": {
            "pending": 0.08312011384842737,
            "received": 0.0
        },
        "17836460686258279109S": {
            "pending": 0.0,
            "received": 3.739006558274826
        },
        "17740111341613835228S": {
            "pending": 0.0,
            "received": 2.0268599116515307
        },
        "16216354076214778784S": {
            "pending": 0.01952224159809854,
            "received": 0.10390929411981714
        },
        "13184036139539914851S": {
            "pending": 0.0,
            "received": 4.029359057205153
        },
        "16728883373258802077S": {
           "pending": 0,
            "received": 0.2804475969339163
        },
        "10797340332804116294S": {
            "pending": 0,
            "received": 0.2067640579397153
        },
        "18122207184714446037S": {
            "pending": 4.3495251479778214e-05,
            "received": 0.0
        },
        "10749969907367660119S": {
            "pending": 0.0,
            "received": 14.893502040988196
        },
        "14156683224611581622S": {
            "pending": 0.0,
            "received": 7.156877286018315
        },
        "17571139477294864364S": {
            "pending": 0.0,
            "received": 46.218419385392394
        },
        "18165115242939141342S": {
            "pending": 6.336127928050753e-05,
            "received": 1.5121975391508202
        },
        "9013810013049907269S": {
            "pending": 0.000717825617864875,
            "received": 0.0
        },
        "16589107352217526952S": {
            "pending": 0.0,
            "received": 1.4662496116837382
        },
        "17594074255359799398S": {
            "pending": 0.08469912271135188,
            "received": 0.12298333924629712
        },
        "17370144303144262276S": {
           "pending": 0,
            "received": 0.25348444880492127
        },
        "1817868533720769718S": {
            "pending": 0.0,
            "received": 3.5895599890064034
        },
        "13787435077998976646S": {
            "pending": 0.0,
            "received": 0.7082035680598037
        },
        "8720089909028317580S": {
            "pending": 0.0,
            "received": 10.619847957194974
        },
        "10081536518261673337S": {
            "pending": 0.0,
            "received": 3.1052222453475644
        },
        "10321154974050776080S": {
            "pending": 0.09895018039740079,
            "received": 0.0
        },
        "12525711914127676053S": {
            "pending": 0.011097905007296219,
            "received": 1.1134688121791108
        },
        "8894347271842723832S": {
            "pending": 0.0,
            "received": 20.09623460033654
        },
        "6668168159687008651S": {
            "pending": 0.05957716609697797,
            "received": 0.0
        },
        "2851445163152870095S": {
            "pending": 0.0,
            "received": 30.797996423021118
        },
        "10449120053901707942S": {
           "pending": 0,
            "received": 0.4478995898504784
        },
        "3258153077104986360S": {
            "pending": 0.0,
            "received": 14.140313369368947
        },
        "152141753366209024S": {
            "pending": 0.0,
            "received": 5.452901424289667
        },