{
    "lastpayout": 1541971314,
    "pending": {},
    "accounts": {
        "11871132970957735350S": {
            "received": 6.87808198596562,
            "pending": 0.0
        },
        "4895669772553333916S": {
            "received": 3.2762770910918446,
            "pending": 0.0
        },
        "1523666487072516037S": {
            "received": 0.0,
            "pending": 0.017153847329394813
        },
        "15411264051019796157S": {
            "received": 2.1251653649512647,
            "pending": 0.0
        },
        "12670108380237338481S": {
            "received": 4.4643521550879655,
            "pending": 0.0
        },
        "17355564170321453343S": {
            "received": 0.11077669131844611,
            "pending": 0
        },
        "17836460686258279109S": {
            "received": 5.106651855404474,
            "pending": 0.0
        },
        "17594074255359799398S": {
            "received": 0.25487654609615695,
            "pending": 0.05928495976035594
        },
        "3715810936410758099S": {
            "received": 2.405022057323519,
            "pending": 0.0
        },
        "11965252341664982224S": {
            "received": 0.1142469072680402,
            "pending": 9.41934030175631e-05
        },
        "2864297953339225503S": {
            "received": 3.751270343310922,
            "pending": 0.0
        },
        "17489004316462862977S": {
            "received": 1.7840132390421788,
            "pending": 0.0
        },
        "7293103698522095418S": {
            "received": 2.483093744913271,
            "pending": 0.0
        },
        "13586143590570589215S": {
            "received": 2.033424014097188,
            "pending": 0.0
        },
        "5686868915809632438S": {
            "received": 29.085303170884508,
            "pending": 0.0
        },
        "17370144303144262276S": {
            "received": 0.25348444880492127,
            "pending": 0.040942996466352015
        },
        "10081536518261673337S": {
            "received": 4.436807515178209,
            "pending": 0.0
        },
        "6668168159687008651S": {
            "received": 0.12394777323126802,
            "pending": 0
        },
        "15734141278813972755S": {
            "received": 3.1007775653138525,
            "pending": 0.0
        },
        "11996797827555955330S": {
            "received": 0.10066601832287615,
            "pending": 0.09774160742752976
        },
        "14184009811430302815S": {
            "received": 1.266818684628477,
            "pending": 0.0
        },
        "13184036139539914851S": {
            "received": 5.455657909006863,
            "pending": 0.0
        },
        "11197634275799662072S": {
            "received": 0.10916849811211056,
            "pending": 0.01891633984289202
        },
        "12579559320967539926S": {
            "received": 0.6328475451405557,
            "pending": 0
        },
        "9013810013049907269S": {
            "received": 0.0,
            "pending": 0.0010380371640865047
        },
        "3258153077104986360S": {
            "received": 19.138390808076316,
            "pending": 0.0
        },
        "5553237885554746888S": {
            "received": 1.0582815830020884,
            "pending": 0.0
        },
        "10749969907367660119S": {
            "received": 20.20895280359159,
            "pending": 0.0
        },
        "9204870986494269987S": {
            "received": 0.0,
            "pending": 0.03851658606355226
        },
        "7938942713579521733S": {
            "received": 0.0,
            "pending": 0.011993792742016198
        },
        "3332349765545836465S": {
            "received": 5.285718941515375,
            "pending": 0.0
        },
        "12828528092202122577S": {
            "received": 0.0,
            "pending": 0.005834057341394962
        },
        "11050252519837691755S": {
            "received": 5.242265044666865,
            "pending": 0.0
        },
        "3674359349783883746S": {
            "received": 0.0,
            "pending": 0.04062890909014006
        },
        "12525711914127676053S": {
            "received": 1.1134688121791108,
            "pending": 0.045922322148214026
        },
        "8720089909028317580S": {
            "received": 14.379172478235478,
            "pending": 0.0
        },
        "12530296953711547432S": {
            "received": 2.235660485680474,
            "pending": 0.0
        },
        "1550237112009583248S": {
            "received": 19.142040310881846,
            "pending": 0.0
        },
        "13787435077998976646S": {
            "received": 0.9589775532028939,
            "pending": 0.0
        },
        "10797340332804116294S": {
            "received": 0.2067640579397153,
            "pending": 0.07558875755697708
        },
        "16604498262787286373S": {
            "received": 23.09964131089374,
            "pending": 0.0
        },
        "16728883373258802077S": {
            "received": 0.2804475969339163,
            "pending": 0.09928071274661007
        },
        "828291801063561764S": {
            "received": 0.24871079554657924,
            "pending": 0.08798974805707567
        },
        "17356592023969741130S": {
            "received": 1.27356918990912,
            "pending": 0.0
        },
        "16560014039590311078S": {
            "received": 1.8870789612282666,
            "pending": 0.0
        },
        "4744762823287612200S": {
            "received": 0.0,
            "pending": 0.07349627700917254
        },
        "9126093206592523027S": {
            "received": 1.3152195635490198,
            "pending": 0.0
        },
        "16621562990240483892S": {
            "received": 0.2127037852003858,
            "pending": 0
        },
        "11181906801996287483S": {
            "received": 1.0893930788309827,
            "pending": 0.0
        },
        "10461778414848986532S": {
            "received": 5.8025558673532664,
            "pending": 0.0
        },
        "17645611333637478692S": {
            "received": 0.0,
            "pending": 0.0434724342378516
        },
        "18165115242939141342S": {
            "received": 1.5121975391508202,
            "pending": 0.00021794107128518046
        },
        "4294271027440884090S": {
            "received": 3.235531057830353,
            "pending": 0.0
        },
        "12980275807187407333S": {
            "received": 0.10414015568346773,
            "pending": 0
        },
        "6977907775043230289S": {
            "received": 0.7720056651326737,
            "pending": 0.0
        },
        "8894347271842723832S": {
            "received": 27.208072299687483,
            "pending": 0.0
        },
        "17104308003786288778S": {
            "received": 1.6321162069935995,
            "pending": 0.00027105749472827577
        },
        "9133065595720782814S": {
            "received": 4.0926238950498615,
            "pending": 0.0
        },
        "2738874115153334556S": {
            "received": 3.26950498885109,
            "pending": 0.0
        },
        "585710018947350625S": {
            "received": 0.10523249150753915,
            "pending": 0.06390912270999145
        },
        "12971935946804193869S": {
            "received": 3.605077855425779,
            "pending": 0.0
        },
        "10240602760270541626S": {
            "received": 0.12599795447051984,
            "pending": 0.05101986293249125
        },
        "14706861753024051671S": {
            "received": 1.0718993047317844,
            "pending": 0.0
        },
        "18122207184714446037S": {
            "received": 0.0,
            "pending": 0.00014071074701269243
        },
        "17571139477294864364S": {
            "received": 62.61090801271089,
            "pending": 0.0
        },
        "10361755960307035310S": {
            "received": 6.153619289156904,
            "pending": 0.0
        },