{
    "pending": {},
    "lastpayout": 1543718168,
    "accounts": {
        "9126093206592523027S": {
            "pending": 0,
            "received": 1.6984806361072142
        },
        "6668168159687008651S": {
            "pending": 0,
            "received": 0.255295806855685
        },
        "152141753366209024S": {
            "pending": 0.0,
            "received": 10.133708306928288
        },
        "61800475831569831S": {
            "pending": 0.06370710009915341,
            "received": 0.0
        },
        "10240602760270541626S": {
            "pending": 0.05898840314827499,
            "received": 0.2519050040145159
        },
        "4022956614220159274S": {
            "pending": 0,
            "received": 0.9367777883573372
        },
        "11996797827555955330S": {
            "pending": 0.050864446619171416,
            "received": 0.22137565696585543
        },
        "6338508696620308738S": {
            "pending": 0.0,
            "received": 10.290562643144826
        },
        "6067937206682386488S": {
            "pending": 0.0,
            "received": 0.7270661688459905
        },
        "18122207184714446037S": {
            "pending": 0.0002790412530845143,
            "received": 0.0
        },
        "12530296953711547432S": {
            "pending": 0.0,
            "received": 3.0686007970257148
        },
        "6977907775043230289S": {
            "pending": 0,
            "received": 1.1021703170430786
        },
        "14687091744950430134S": {
            "pending": 0.0001684413235852173,
            "received": 0.0
        },
        "3129853312420103608S": {
            "pending": 0.0,
            "received": 10.832250667900968
        },
        "927849505798557777S": {
            "pending": 0.0,
            "received": 8.643963389839001
        },
        "11965252341664982224S": {
            "pending": 0.0001343605601134357,
            "received": 0.1142469072680402
        },
        "16751356875123318316S": {
            "pending": 0.0,
            "received": 25.163295299906043
        },
        "6903517031979936221S": {
            "pending": 0.0,
            "received": 0.8606849828365349
        },
        "13787435077998976646S": {
            "pending": 0,
            "received": 1.31631156782257
        },
        "6934198033594185762S": {
            "pending": 0.0,
            "received": 6.359123275108704
        },
        "11606441451495031974S": {
            "pending": 0.0931277639008003,
            "received": 0.36888519981825973
        },
        "14269746030136807703S": {
            "pending": 0,
            "received": 0.902962540817174
        },
        "1523666487072516037S": {
            "pending": 0.06209777691492829,
            "received": 0.0
        },
        "9133065595720782814S": {
            "pending": 0.0,
            "received": 6.101243233375201
        },
        "1550237112009583248S": {
            "pending": 0.0,
            "received": 26.259391014451126
        },
        "14448249721461697427S": {
            "pending": 0.0,
            "received": 7.46803494873051
        },
        "9204870986494269987S": {
            "pending": 0.038542979995845085,
            "received": 0.0
        },
        "5005709220550032357S": {
            "pending": 0.0,
            "received": 2.8630562617394526
        },
        "18165115242939141342S": {
            "pending": 0.0004378967557083875,
            "received": 1.5121975391508202
        },
        "9013810013049907269S": {
            "pending": 0.0014936746629858613,
            "received": 0.0
        },
        "12579559320967539926S": {
            "pending": 0,
            "received": 0.912766911649217
        },
        "4132777636262503477S": {
            "pending": 0.0,
            "received": 1.5683637168883915
        },
        "14156683224611581622S": {
            "pending": 0.0,
            "received": 13.41373811635699
        },
        "16201202588872164609S": {
            "pending": 0.0,
            "received": 1.8399402603917239
        },
        "11050252519837691755S": {
            "pending": 0.0,
            "received": 7.28098262975618
        },
        "4895669772553333916S": {
            "pending": 0.0,
            "received": 4.581858274824465
        },
        "15411264051019796157S": {
            "pending": 0.0,
            "received": 3.0046673439114873
        },
        "17355564170321453343S": {
            "pending": 0.0412025423626291,
            "received": 0.11077669131844611
        },
        "15569777031855020681S": {
            "pending": 0.0,
            "received": 29.439660621427
        },
        "10894601799531540343S": {
            "pending": 0.03187137219268789,
            "received": 0.0
        },
        "11085363192584989547S": {
            "pending": 0,
            "received": 1.0317848827407374
        },
        "17740111341613835228S": {
            "pending": 0.0,
            "received": 4.831955274176806
        },
        "17047213952582854284S": {
            "pending": 0.0,
            "received": 3.5436371974118943
        },
        "11871132970957735350S": {
            "pending": 0.0,
            "received": 9.43431720604551
        },
        "12249152476983107122S": {
            "pending": 0.0,
            "received": 72.94211968220509
        },
        "3332349765545836465S": {
            "pending": 0.0,
            "received": 7.340868424851845
        },
        "11928538336447495247S": {
            "pending": 0.03424576408161393,
            "received": 0.0
        },
        "18167259303553226089S": {
            "pending": 0.0,
            "received": 26.355330978205057
        },
        "7293103698522095418S": {
            "pending": 0.0,
            "received": 3.476685840522115
        },
        "6954295320478186628S": {
            "pending": 0.00037595843612434087,
            "received": 0.0
        },
        "9505110567395001657S": {
            "pending": 0.05944175938549436,
            "received": 0.12694508172172075
        },
        "4744762823287612200S": {
            "pending": 0,
            "received": 0.2661285262870825
        },
        "18055268634441448253S": {
            "pending": 0.0,
            "received": 3.678772995639164
        },
        "17594074255359799398S": {
            "pending": 0,
            "received": 0.47944822775858964
        },
        "11169617642535134043S": {
            "pending": 0.0,
            "received": 10.892404069375324
        },
        "16641174155953209058S": {
            "pending": 0.0,
            "received": 5.337392232160051
        },
        "7938942713579521733S": {
            "pending": 0.01921949864136376,
            "received": 0.0
        },
        "15133100411994811836S": {
            "pending": 0.08957235528464938,
            "received": 0.6596438206353572
        },
        "17489004316462862977S": {
            "pending": 0.0,
            "received": 2.906338115625407
        },
        "10461778414848986532S": {
            "pending": 0.0,
            "received": 7.964505457168636
        },
        "1534222197080935475S": {
            "pending": 0.0,
            "received": 4.653410777884321
        },
        "5553237885554746888S": {
            "pending": 0,
            "received": 1.4572787675904615
        },
        "7124068854238347094S": {
            "pending": 0,
            "received": 0.8185866379134533
        },
        "13313129586976065786S": {
            "pending": 0,
            "received": 0.9196832449501421
        },
        "12567931379234371677S": {
            "pending": 0.0,
            "received": 1.2271124954327126
        },
        "215644160295070055S": {
            "pending": 0.0,
            "received": 23.077922877710613
        },
        "13236510448065713857S": {
            "pending": 0,
            "received": 0.2753469397679778
        },