{
    "lastpayout": 1542561238,
    "pending": {},
    "accounts": {
        "10461778414848986532S": {
            "pending": 0.0,
            "received": 6.475088969544836
        },
        "11381476088599362396S": {
            "pending": 0.050867720526201435,
            "received": 0.4387533123975516
        },
        "6934198033594185762S": {
            "pending": 0.0,
            "received": 5.121443027388581
        },
        "9013810013049907269S": {
            "pending": 0.0011798628815469327,
            "received": 0.0
        },
        "15073035977129307459S": {
            "pending": 0.0,
            "received": 1.212706750113794
        },
        "585710018947350625S": {
            "pending": 0.0834688875912861,
            "received": 0.10523249150753915
        },
        "152141753366209024S": {
            "pending": 0.0,
            "received": 8.238875586119528
        },
        "17594074255359799398S": {
            "pending": 0,
            "received": 0.36442101998350285
        },
        "16560014039590311078S": {
            "pending": 0.0,
            "received": 2.1226370873137754
        },
        "13184036139539914851S": {
            "pending": 0.0,
            "received": 6.08787809129916
        },
        "1534222197080935475S": {
            "pending": 0.0,
            "received": 3.7834711893856836
        },
        "16201202588872164609S": {
            "pending": 0.0,
            "received": 1.275092064118109
        },
        "828291801063561764S": {
            "pending": 0,
            "received": 0.375701025428658
        },
        "2460974585142981360S": {
            "pending": 0.0,
            "received": 2.291279720389796
        },
        "17645611333637478692S": {
            "pending": 0.04850525347947515,
            "received": 0.0
        },
        "2738874115153334556S": {
            "pending": 0.0,
            "received": 3.6690652299223103
        },
        "9325998378347643411S": {
            "pending": 0,
            "received": 0.8782525149860271
        },
        "12980275807187407333S": {
            "pending": 0.012044654570386915,
            "received": 0.10414015568346773
        },
        "18055268634441448253S": {
            "pending": 0.0,
            "received": 2.9632268101824093
        },
        "17355564170321453343S": {
            "pending": 0.01281746518063579,
            "received": 0.11077669131844611
        },
        "14448249721461697427S": {
            "pending": 0.0,
            "received": 6.023303047892533
        },
        "15734141278813972755S": {
            "pending": 0.0,
            "received": 3.479786327662652
        },
        "18091986069341856412S": {
            "pending": 0.0,
            "received": 25.084183816177024
        },
        "16751356875123318316S": {
            "pending": 0.0,
            "received": 20.456749026519827
        },
        "11197634275799662072S": {
            "pending": 0.043007819934952604,
            "received": 0.10916849811211056
        },
        "11698019401148428133S": {
            "pending": 0,
            "received": 0.10738791897858424
        },
        "5005709220550032357S": {
            "pending": 0.0,
            "received": 2.3278691827558426
        },
        "9133065595720782814S": {
            "pending": 0.0,
            "received": 4.717438463654387
        },
        "17356592023969741130S": {
            "pending": 0.0,
            "received": 1.4236736983337102
        },
        "6977907775043230289S": {
            "pending": 0.0,
            "received": 0.8747245421949255
        },
        "14706861753024051671S": {
            "pending": 0.0,
            "received": 1.196040273591355
        },
        "5291070292665466497S": {
            "pending": 0.0,
            "received": 5.772378968905379
        },
        "4895669772553333916S": {
            "pending": 0.0,
            "received": 3.6774492539547223
        },
        "12670108380237338481S": {
            "pending": 0.0,
            "received": 5.002992423065238
        },
        "8894347271842723832S": {
            "pending": 0.0,
            "received": 30.36032656067937
        },
        "18122207184714446037S": {
            "pending": 0.0001837687115518089,
            "received": 0.0
        },
        "9505110567395001657S": {
            "pending": 0.09343022918276164,
            "received": 0.0
        },
        "12525711914127676053S": {
            "pending": 0.06865082805013425,
            "received": 1.1134688121791108
        },
        "13429318653173453932S": {
            "pending": 0.0,
            "received": 1.1430688391370238
        },
        "10467419700136114797S": {
            "pending": 0.0,
            "received": 4.845201517502968
        },
        "14269746030136807703S": {
            "pending": 0.07619545436646347,
            "received": 0.6580885348966529
        },
        "9204870986494269987S": {
            "pending": 0.03852480167002248,
            "received": 0.0
        },
        "12828528092202122577S": {
            "pending": 0.0059082388282731884,
            "received": 0.0
        },
        "18165115242939141342S": {
            "pending": 0.0002864064035464117,
            "received": 1.5121975391508202
        },
        "943285078285187201S": {
            "pending": 0.0,
            "received": 5.734334898858699
        },
        "10081536518261673337S": {
            "pending": 0.0,
            "received": 5.027043352242825
        },
        "1258752876726108384S": {
            "pending": 0.0,
            "received": 0.6132018747771154
        },
        "4446910057799968777S": {
            "pending": 0.017865766834235023,
            "received": 0.0
        },
        "2851445163152870095S": {
            "pending": 0.0,
            "received": 46.53949497158631
        },
        "4022956614220159274S": {
            "pending": 0.07906313358071874,
            "received": 0.6826146397445516
        },
        "1550237112009583248S": {
            "pending": 0.0,
            "received": 21.357032399858916
        },
        "2864297953339225503S": {
            "pending": 0.0,
            "received": 4.2503469680389045
        },
        "10797340332804116294S": {
            "pending": 0,
            "received": 0.3262628207048328
        },
        "6954295320478186628S": {
            "pending": 0.00030109478206245664,
            "received": 0.0
        },
        "17740111341613835228S": {
            "pending": 0.0,
            "received": 3.6997705318941736
        },
        "4744762823287612200S": {
            "pending": 0,
            "received": 0.13344390234571435
        },
        "11181906801996287483S": {
            "pending": 0.0,
            "received": 1.345518480608347
        },
        "12249152476983107122S": {
            "pending": 0.0,
            "received": 59.298679597701
        },
        "17836460686258279109S": {
            "pending": 0.0,
            "received": 5.720106831380975
        },
        "3129853312420103608S": {
            "pending": 0.0,
            "received": 8.844040276229874
        },
        "17047213952582854284S": {
            "pending": 0.0,
            "received": 2.8785881566228486
        },
        "14156683224611581622S": {
            "pending": 0.0,
            "received": 10.873152549943958
        },
        "17571139477294864364S": {
            "pending": 0.0,
            "received": 69.88306057114404
        },
        "10098237463184565839S": {
            "pending": 0.07395072309662307,
            "received": 0.6386020987853605
        },
        "10449120053901707942S": {
            "pending": 0.07023401193882185,
            "received": 0.6063634143931387
        },
        "11050252519837691755S": {
            "pending": 0.0,
            "received": 5.871475338550223
        },
        "3852808042355427288S": {
            "pending": 0.0,