{
    "accounts": {
        "5291070292665466497S": {
            "received": 1.9230869027597723,
            "pending": 0.0
        },
        "3674359349783883746S": {
            "received": 0.0,
            "pending": 0.018317450849624287
        },
        "17836460686258279109S": {
            "received": 1.9055713804344379,
            "pending": 0.0
        },
        "13586143590570589215S": {
            "received": 0.7744739062368021,
            "pending": 0.0
        },
        "13429318653173453932S": {
            "received": 0.46801690163399245,
            "pending": 0.0
        },
        "10461778414848986532S": {
            "received": 2.2097558995191915,
            "pending": 0.0
        },
        "3715810936410758099S": {
            "received": 0.923973799919136,
            "pending": 0.0
        },
        "6934198033594185762S": {
            "received": 1.6804284650389367,
            "pending": 0.0
        },
        "15411264051019796157S": {
            "received": 0.7667907552629933,
            "pending": 0.0
        },
        "9133065595720782814S": {
            "received": 0.7068875181556727,
            "pending": 0.0
        },
        "2460974585142981360S": {
            "received": 0.7819811732239759,
            "pending": 0.0
        },
        "1550237112009583248S": {
            "received": 7.296683096520672,
            "pending": 0.0
        },
        "16216354076214778784S": {
            "received": 0.0,
            "pending": 0.06366251061417963
        },
        "15734141278813972755S": {
            "received": 1.1183862336472274,
            "pending": 0.0
        },
        "828291801063561764S": {
            "received": 0.1282997274675826,
            "pending": 0
        },
        "10467419700136114797S": {
            "received": 1.6072265038716576,
            "pending": 0.0
        },
        "14706861753024051671S": {
            "received": 0.408374332742804,
            "pending": 0.0
        },
        "11169617642535134043S": {
            "received": 2.961170464807597,
            "pending": 0.0
        },
        "3852808042355427288S": {
            "received": 0.7997176755036726,
            "pending": 0.0
        },
        "17740111341613835228S": {
            "received": 1.0330905550315326,
            "pending": 0.0
        },
        "10749969907367660119S": {
            "received": 7.66055068577656,
            "pending": 0.0
        },
        "1534222197080935475S": {
            "received": 1.2914289966798727,
            "pending": 0.0
        },
        "4895669772553333916S": {
            "received": 1.2088633445520656,
            "pending": 0.0
        },
        "17370144303144262276S": {
            "received": 0.13075337768261736,
            "pending": 0
        },
        "14184009811430302815S": {
            "received": 0.6170522477201927,
            "pending": 0.0
        },
        "13313129586976065786S": {
            "received": 0.17122687108410456,
            "pending": 0.08401630665713929
        },
        "10321154974050776080S": {
            "received": 0.0,
            "pending": 0.04090851403124794
        },
        "585710018947350625S": {
            "received": 0.0,
            "pending": 0.06446930371760957
        },
        "14448249721461697427S": {
            "received": 2.0086752113730553,
            "pending": 0.0
        },
        "61800475831569831S": {
           "received": 0.0,
            "pending": 0.01763350626510929
        },
        "4022956614220159274S": {
            "received": 0.17443869273419071,
            "pending": 0.08559052133176788
        },
        "5686868915809632438S": {
            "received": 11.075822989004234,
            "pending": 0.0
        },
        "2738874115153334556S": {
            "received": 1.205548309930918,
            "pending": 0.0
        },
        "10449120053901707942S": {
            "received": 0.15498909530483942,
            "pending": 0.07600333287992549
        },
        "12579559320967539926S": {
            "received": 0.23391001326148547,
            "pending": 0.05255899313298239
        },
        "9013810013049907269S": {
            "received": 0.0,
            "pending": 0.00034660940795032635
        },
        "3332349765545836465S": {
            "received": 1.9736412782120407,
            "pending": 0.0
        },
        "16604498262787286373S": {
            "received": 8.769003985657319,
            "pending": 0.0
        },
        "12980275807187407333S": {
            "received": 0.0,
            "pending": 0.03970632555999522
        },
        "16589107352217526952S": {
            "received": 0.7560923312433971,
            "pending": 0.0
        },
        "13787435077998976646S": {
            "received": 0.36516260875155526,
            "pending": 0.0
        },
        "6338508696620308738S": {
            "received": 2.7855669512835983,
            "pending": 0.0
        },
        "17104308003786288778S": {
            "received": 0.999762850980372,
            "pending": 0.0
        },
        "7938942713579521733S": {
            "received": 0.0,
            "pending": 0.003648570348985171
        },
        "11050252519837691755S": {
           "received": 1.9572034575082735,
            "pending": 0.0
        },
        "13184036139539914851S": {
            "received": 2.077766192937231,
            "pending": 0.0
        },
        "10081536518261673337S": {
            "received": 1.2830880629286603,
            "pending": 0.0
        },
        "18165115242939141342S": {
            "received": 0.9998338716771336,
            "pending": 0.0
        },
        "4294271027440884090S": {
            "received": 1.1928161625565497,
            "pending": 0.0
        },
        "6668168159687008651S": {
            "received": 0.0,
            "pending": 0.009619857854543445
        },
        "12530296953711547432S": {
            "received": 0.8513382897494912,
            "pending": 0.0
        },
        "17571139477294864364S": {
            "received": 23.81584379607304,
            "pending": 0.0
        },
        "6954295320478186628S": {
            "received": 0.0,
            "pending": 8.617847512551345e-05
        },
        "9325998378347643411S": {
            "received": 0.17723036009278842,
            "pending": 0.09617993244216083
        },
        "3129853312420103608S": {
            "received": 3.0197759976853145,
            "pending": 0.0
        },
        "18091986069341856412S": {
            "received": 8.425097973897948,
            "pending": 0.0
        },
        "15133100411994811836S": {
            "received": 0.13945420949097026,
            "pending": 0.06843003125301456
        },
        "14687091744950430134S": {
            "received": 0.0,
            "pending": 4.1083694523255557e-05
        },
        "16641174155953209058S": {
            "received": 1.481360151524385,
            "pending": 0.0
        },
        "12971935946804193869S": {
            "received": 1.3729319853882314,
            "pending": 0.0
        },
        "11197634275799662072S": {
            "received": 0.0,
            "pending": 0.04686434349199924
        },
        "16621562990240483892S": {
            "received": 0.0,
            "pending": 0.08100507213359263
        },
        "16751356875123318316S": {
            "received": 6.979006402343648,
            "pending": 0.0
        },
        "9204870986494269987S": {
            "received": 0.0,
            "pending": 0.03847261588372809
        },
        "14156057994616021440S": {
          "received": 1.8199262340654347,
            "pending": 0.0
        },
        "16728883373258802077S": {
            "received": 0.14462160444105668,
            "pending": 0
        },
        "215644160295070055S": {
            "received": 6.404645567546728,
            "pending": 0.0
        },
        "17594074255359799398S": {
            "received": 0.0,