{
    "lastpayout": 1539572868,
    "accounts": {
        "10749969907367660119S": {
            "received": 10.209878312549936,
            "pending": 0.0
        },
        "10321154974050776080S": {
            "received": 0.0,
            "pending": 0.061409856279494884
        },
        "11197634275799662072S": {
            "received": 0.0,
            "pending": 0.06239379107170187
        },
        "16751356875123318316S": {
            "received": 9.294165786853219,
            "pending": 0.0
        },
        "10461778414848986532S": {
            "received": 2.942512188289419,
            "pending": 0.0
        },
        "5291070292665466497S": {
            "received": 2.5714427868670544,
            "pending": 0.0
        },
        "3332349765545836465S": {
            "received": 2.638701307537112,
            "pending": 0.0
        },
        "17370144303144262276S": {
            "received": 0.13075337768261736,
            "pending": 0.043343184575546076
        },
        "1534222197080935475S": {
            "received": 1.7195809813471123,
            "pending": 0.0
        },
        "9204870986494269987S": {
            "received": 0.0,
            "pending": 0.038481595298581056
        },
        "15569777031855020681S": {
            "received": 10.875837554231584,
            "pending": 0.0
        },
        "16604498262787286373S": {
            "received": 11.677030079287187,
            "pending": 0.0
        },
        "14156683224611581622S": {
            "received": 4.905023226353593,
            "pending": 0.0
        },
        "3674359349783883746S": {
            "received": 0.0,
            "pending": 0.023607068485051758
        },
        "14269746030136807703S": {
            "received": 0.33385611285947636,
            "pending": 0
        },
        "4895669772553333916S": {
            "received": 1.6202966443675133,
            "pending": 0.0
        },
        "10361755960307035310S": {
            "received": 3.12070860565151,
            "pending": 0.0
        },
        "12525711914127676053S": {
            "received": 1.1134688121791108,
            "pending": 0.0
        },
        "6954295320478186628S": {
            "received": 0.0,
            "pending": 0.00012315832760426346
        },
        "14156057994616021440S": {
            "received": 2.4606860407896374,
            "pending": 0.0
        },
        "828291801063561764S": {
            "received": 0.1282997274675826,
            "pending": 0.042521693688047896
        },
        "12530296953711547432S": {
            "received": 1.133651610322708,
            "pending": 0.0
        },
        "11698019401148428133S": {
            "received": 0.0,
            "pending": 0.048750970648652706
        },
        "14706861753024051671S": {
            "received": 0.5437204947198149,
            "pending": 0.0
        },
       "5553237885554746888S": {
            "received": 0.5300593293949545,
            "pending": 0.0
        },
        "13313129586976065786S": {
            "received": 0.33987830500099137,
            "pending": 0
        },
        "5005709220550032357S": {
            "received": 1.0580987441332068,
            "pending": 0.0
        },
        "152141753366209024S": {
            "received": 3.7441166795288026,
            "pending": 0.0
        },
        "13787435077998976646S": {
            "received": 0.48625984382149834,
            "pending": 0.0
        },
        "9126093206592523027S": {
            "received": 0.7267451609105283,
            "pending": 0.0
        },
        "215644160295070055S": {
            "received": 8.52813269876141,
            "pending": 0.0
        },
        "4294271027440884090S": {
            "received": 1.5990356182439291,
            "pending": 0.0
        },
        "9133065595720782814S": {
            "received": 1.4192245091933904,
            "pending": 0.0
        },
        "3852808042355427288S": {
            "received": 1.0648742889017364,
            "pending": 0.0
        },
      "14687091744950430134S": {
            "received": 0.0,
            "pending": 5.7336254978164885e-05
        },
        "12971935946804193869S": {
            "received": 1.8281598429794403,
            "pending": 0.0
        },
        "9449227620415936880S": {
            "received": 1.099047476908971,
            "pending": 0.0
        },
        "943285078285187201S": {
            "received": 2.5547483402794975,
            "pending": 0.0
        },
        "12828528092202122577S": {
            "received": 0.0,
            "pending": 0.004583126841044881
        },
       "7124068854238347094S": {
            "received": 0.18459730583175665,
            "pending": 0
        },
        "17594074255359799398S": {
            "received": 0.12298333924629712,
            "pending": 0
        },
        "6977907775043230289S": {
            "received": 0.33524214127933605,
            "pending": 0.0
        },
        "18055268634441448253S": {
            "received": 1.3468359835512034,
            "pending": 0.0
        },
        "2851445163152870095S": {
            "received": 21.145908206207004,
            "pending": 0.0
        },
        "16641174155953209058S": {
            "received": 1.9724627389115374,
            "pending": 0.0
        },
        "6934198033594185762S": {
            "received": 2.2620161075931984,
            "pending": 0.0
        },
        "3258153077104986360S": {
            "received": 9.71244384060758,
            "pending": 0.0
        },
        "18165115242939141342S": {
            "received": 1.3313677822843863,
            "pending": 0.0
        },
        "13429318653173453932S": {
            "received": 0.5766638412912517,
            "pending": 0.0
        },
        "15154873421182586410S": {
            "received": 0.12369065856299541,
            "pending": 0.057467599224271415
        },
        "15734141278813972755S": {
            "received": 1.5166756829944308,
            "pending": 0.0
        },
        "16589107352217526952S": {
            "received": 1.0068423736928862,
            "pending": 0.0
        },
        "17571139477294864364S": {
            "received": 31.721226599147872,
            "pending": 0.0
        },
        "17645611333637478692S": {
            "received": 0.0,
            "pending": 0.022049870479900417
        },
       "14184009811430302815S": {
            "received": 0.7495946004708044,
            "pending": 0.0
        },
        "4022956614220159274S": {
            "received": 0.34625396689172117,
            "pending": 0
        },
        "8720089909028317580S": {
            "received": 7.292032998278914,
            "pending": 0.0
        },
        "12249152476983107122S": {
            "received": 26.943851095141625,
            "pending": 0.0
        },
        "15133100411994811836S": {
            "received": 0.27682398784086193,
            "pending": 0
        },
        "5686868915809632438S": {
            "received": 14.748918391228354,
            "pending": 0.0
        },
        "7293103698522095418S": {
            "received": 1.2255935522509003,
            "pending": 0.0
        },
        "8894347271842723832S": {
            "received": 13.79948945694968,
            "pending": 0.0
        },
        "6338508696620308738S": {
            "received": 3.70924506443445,
            "pending": 0.0
        },
        "585710018947350625S": {
            "received": 0.0,
            "pending": 0.08584692676526409
        },
        "16560014039590311078S": {
            "received": 0.9138380922891817,
            "pending": 0.0
        },
        "12980275807187407333S": {
            "received": 0.0,
            "pending": 0.052863547853618666
        },
        "61800475831569831S": {
            "received": 0.0,
            "pending": 0.022553186832727543
        },
        "17740111341613835228S": {
            "received": 1.381248028130808,