{
    "accounts": {
        "12815339957224709902S": {
            "pending": 0.0,
            "received": 0.9290252408871967
        },
        "12828528092202122577S": {
            "pending": 0.020480388831601616,
            "received": 0.0
        },
        "11119157255042636191S": {
            "pending": 0.0,
            "received": 7.433710170038689
        },
        "10098237463184565839S": {
            "pending": 0.07134637465674978,
            "received": 1.7598749540546332
        },
        "14448249721461697427S": {
            "pending": 0.0,
            "received": 15.489519683642888
        },
        "6597355616793179846S": {
            "pending": 0.011324090780344503,
            "received": 0.0
        },
        "16621562990240483892S": {
            "pending": 0.07378998539384284,
            "received": 0.5289437611007963
        },
        "10749969907367660119S": {
            "pending": 0.0,
            "received": 55.9106051694857
        },
        "17319638032784790343S": {
            "pending": 0.0,
            "received": 0.6314419036377942
        },
        "14156683224611581622S": {
            "pending": 0.0,
            "received": 26.982862233653023
        },
        "14459847580135147575S": {
            "pending": 0.06291148994617127,
            "received": 0.0
        },
        "14706861753024051671S": {
            "pending": 0.092900782962589,
            "received": 2.8342013652824254
        },
        "9133065595720782814S": {
            "pending": 0.0,
            "received": 13.600271583811864
        },
        "8720089909028317580S": {
            "pending": 0.0,
            "received": 40.07863703193807
        },
        "11381476088599362396S": {
            "pending": 0.08133220369708316,
            "received": 1.1064317917462763
        },
        "15448943008829020507S": {
            "pending": 0.0,
            "received": 6.629299151048812
        },
        "7124068854238347094S": {
            "pending": 0.06284154661671977,
            "received": 1.748715266368312
        },
        "4022956614220159274S": {
            "pending": 0.05871172815319685,
            "received": 1.804666955870744
        },
        "3674359349783883746S": {
            "pending": 0.00241035193415962,
            "received": 0.10283962486268149
        },
        "4895669772553333916S": {
            "pending": 0.0,
            "received": 9.738099659248707
        },
        "12670108380237338481S": {
            "pending": 0.0,
            "received": 12.983021151236574
        },
        "1970628074602046854S": {
            "pending": 0.0,
            "received": 3.4411461985559986
        },
        "14230853487500748846S": {
            "pending": 0.0,
            "received": 1.032491938094274
        },
        "17740111341613835228S": {
            "pending": 0.0,
            "received": 11.038362360879065
        },
        "14687091744950430134S": {
            "pending": 0.0003778392374984463,
            "received": 0.0
        },
        "10797340332804116294S": {
            "pending": 0,
            "received": 1.271412711991435
        },
        "2460974585142981360S": {
            "pending": 0.0,
            "received": 5.606974307340319
        },
        "8779864208306149283S": {
            "pending": 0.0,
            "received": 0.2360604157110191
        },
        "11050252519837691755S": {
            "pending": 0.0,
            "received": 15.114675917253914
        },
        "585710018947350625S": {
            "pending": 0.03372866264647083,
            "received": 0.4392391398163966
        },
        "11085363192584989547S": {
            "pending": 0,
            "received": 4.616355925642053
        },
        "9126093206592523027S": {
            "pending": 0,
            "received": 2.632768819481825
        },
        "12579559320967539926S": {
            "pending": 0,
            "received": 2.1061002576767747
        },
        "18122207184714446037S": {
            "pending": 0.0007815523226358298,
            "received": 0.0
        },
        "10770784031370294457S": {
            "pending": 0.0,
            "received": 5.7344142724752425
        },
        "16604498262787286373S": {
            "pending": 0.0,
            "received": 64.32300355169774
        },
        "12980275807187407333S": {
            "pending": 0.07907047414833239,
            "received": 0.2045942319859576
        },
        "17370144303144262276S": {
            "pending": 0.04097104954609545,
            "received": 0.25348444880492127
        },
        "10449120053901707942S": {
            "pending": 0.05216460469868367,
            "received": 1.6031990163578826
        },
        "1258752876726108384S": {
            "pending": 0.0,
            "received": 9.625393230177236
        },
        "10321154974050776080S": {
            "pending": 0.08483982833274845,
            "received": 0.3359485973657842
        },
        "18091986069341856412S": {
            "pending": 0.0,
            "received": 62.52705320054643
        },
        "40034563516441201S": {
            "pending": 0.0,
            "received": 0.3875471879898694
        },
        "14269746030136807703S": {
            "pending": 0,
            "received": 1.926529125846272
        },
        "5686868915809632438S": {
            "pending": 0.0,
            "received": 79.45836722664016
        },
        "17356592023969741130S": {
            "pending": 0,
            "received": 3.7281394063025814
        },
        "15073035977129307459S": {
            "pending": 0.0,
            "received": 18.084718897396865
        },
        "9204870986494269987S": {
            "pending": 0.03863886082157736,
            "received": 0.0
        },
        "17845458741146312138S": {
            "pending": 0.05913143182953128,
            "received": 0.10223482936913374
        },
        "17594074255359799398S": {
            "pending": 0,
            "received": 1.2950187011978667
        },
        "15506378572793905572S": {
            "pending": 0.0,
            "received": 0.7307947914704856
        },
        "5005709220550032357S": {
            "pending": 0.0,
            "received": 5.6952179979196025
        },
        "215644160295070055S": {
            "pending": 0.0,
            "received": 56.88098551801554
        },
        "6903517031979936221S": {
            "pending": 0.0,
            "received": 7.986763527243362
        },
        "12530296953711547432S": {
            "pending": 0.0,
            "received": 6.1066860996072885
        },
        "828291801063561764S": {
            "pending": 0.06336765307923352,
            "received": 0.8557510716046177
        },
        "9325998378347643411S": {
            "pending": 0.09775791186604148,
            "received": 2.4210264577864327
        },
        "2244004033526466392S": {
            "pending": 0.06110180771597263,
            "received": 0.24396042961190464
        },
        "2738874115153334556S": {
            "pending": 0.0,
            "received": 9.715739833865532
        },
        "13236510448065713857S": {
            "pending": 0.09241292983288794,
            "received": 1.6406011315215363
        },
        "8053912614346489082S": {
            "pending": 0.04681464908034833,
            "received": 0.0
        },
        "18055268634441448253S": {
            "pending": 0.0,
            "received": 7.571968463271826
        },
        "3258153077104986360S": {
            "pending": 0.0,
            "received": 52.14188038981848
        },
        "17836460686258279109S": {
            "pending": 0.0,
            "received": 14.744651150711112
        },
        "17355564170321453343S": {
            "pending": 0.0843439965886298,
            "received": 0.21775839256255825
        },
        "10461778414848986532S": {
            "pending": 0.0,
            "received": 15.850411576102495
        },