{
    "lastpayout": 1546610154,
    "accounts": {
        "17836460686258279109S": {
            "received": 10.36223060805635,
            "pending": 0.0
        },
        "17370144303144262276S": {
            "received": 0.25348444880492127,
            "pending": 0.04095870784561459
        },
        "11085363192584989547S": {
            "received": 2.602345410169318,
            "pending": 0
        },
        "17594074255359799398S": {
            "received": 0.7260504151680889,
            "pending": 0.05539720290440589
        },
        "10240602760270541626S": {
            "received": 0.48893322277895873,
            "pending": 0.035813231333380435
        },
        "8053912614346489082S": {
            "received": 0.0,
            "pending": 0.005418698517596441
        },
        "18055268634441448253S": {
            "received": 5.3830702201372915,
            "pending": 0.0
        },
        "12567931379234371677S": {
            "received": 1.2271124954327126,
            "pending": 1.3027281641641663e-05
        },
        "585710018947350625S": {
            "received": 0.3363788301137469,
            "pending": 0
        },
        "5553237885554746888S": {
            "received": 2.177205641646374,
            "pending": 0
        },
        "6934198033594185762S": {
            "received": 9.225901079747905,
            "pending": 0.0
        },
        "943285078285187201S": {
            "received": 10.38597292227946,
            "pending": 0.0
        },
        "11197634275799662072S": {
            "received": 0.32903963462176733,
            "pending": 0
        },
        "5686868915809632438S": {
            "received": 57.24452460328814,
            "pending": 0.0
        },
        "17104308003786288778S": {
            "received": 1.6321162069935995,
            "pending": 0.0009849380433015432
        },
        "11871132970957735350S": {
            "received": 13.512718641429869,
            "pending": 0.0
        },
        "9449227620415936880S": {
            "received": 4.263815757651125,
            "pending": 0.0
        },
        "13429318653173453932S": {
            "received": 2.0807881533032337,
            "pending": 0
        },
        "18122207184714446037S": {
            "received": 0.0,
            "pending": 0.0004996198270111718
        },
        "9013810013049907269S": {
            "received": 0.0,
            "pending": 0.002220223510299027
        },
        "1817868533720769718S": {
            "received": 9.949252294656642,
            "pending": 0.0
        },
        "1258752876726108384S": {
            "received": 5.250406491005432,
            "pending": 0.0
        },
        "61800475831569831S": {
            "received": 0.0,
            "pending": 0.0814720680831612
        },
        "9325998378347643411S": {
            "received": 1.6026320094860158,
            "pending": 0.09874625325615846
        },
        "4132777636262503477S": {
            "received": 4.165202563802172,
            "pending": 0.0
        },
        "1523666487072516037S": {
            "received": 0.0,
            "pending": 0.06308684187558243
        },
        "11181906801996287483S": {
            "received": 3.2282249791883437,
            "pending": 0.0
        },
        "6954295320478186628S": {
            "received": 0.0,
            "pending": 0.0005492855856497926
        },
        "3258153077104986360S": {
            "received": 37.61035311875767,
            "pending": 0.0
        },
        "13787435077998976646S": {
            "received": 1.7916273105524156,
            "pending": 0.09816519908754857
        },
        "17740111341613835228S": {
            "received": 7.502472154922768,
            "pending": 0.0
        },
        "14706861753024051671S": {
            "received": 2.10793912135488,
            "pending": 0
        },
        "17571139477294864364S": {
            "received": 123.44828717542329,
            "pending": 0.0
        },
        "17845458741146312138S": {
            "received": 0.0,
            "pending": 0.053917944927119536
        },
        "10467419700136114797S": {
            "received": 8.817785220192468,
            "pending": 0.0
        },
        "4744762823287612200S": {
            "received": 0.5222172248813755,
            "pending": 0.051517668486736105
        },
        "7938942713579521733S": {
            "received": 0.0,
            "pending": 0.032813326523297215
        },
        "10321154974050776080S": {
            "received": 0.21983435245209568,
            "pending": 0.07793569290806347
        },
        "6903517031979936221S": {
            "received": 3.982915711227787,
            "pending": 0.0
        },
        "16641174155953209058S": {
            "received": 7.651316908855115,
            "pending": 0.0
        },
        "3852808042355427288S": {
            "received": 4.130890941118922,
            "pending": 0.0
        },
        "13236510448065713857S": {
            "received": 0.9140184392874052,
            "pending": 0
        },
        "10770784031370294457S": {
            "received": 1.9130688816078356,
            "pending": 0.0
        },
        "17272715786839773193S": {
            "received": 3.3771276347902606,
            "pending": 0.0
        },
        "10894601799531540343S": {
            "received": 0.0,
            "pending": 0.04585644163216613
        },
        "2851445163152870095S": {
            "received": 82.09099175965505,
            "pending": 0.0
        },
        "12530296953711547432S": {
            "received": 4.399632416689923,
            "pending": 0.0
        },
        "4895669772553333916S": {
            "received": 6.757529188326563,
            "pending": 0.0
        },
        "5005709220550032357S": {
            "received": 4.104048957838467,
            "pending": 0.0
        },
        "2244004033526466392S": {
            "received": 0.1352113815100408,
            "pending": 0.03225557509758717
        },
        "10797340332804116294S": {
            "received": 0.697564846598228,
            "pending": 0.06633927368156853
        },
        "14448249721461697427S": {
            "received": 10.897863038373286,
            "pending": 0.0
        },
        "215644160295070055S": {
            "received": 37.9731002009604,
            "pending": 0.0
        },
        "14184009811430302815S": {
            "received": 1.266818684628477,
            "pending": 1.2135191363123113e-05
        },
        "15411264051019796157S": {
            "received": 4.499721476418212,
            "pending": 0.0
        },
        "17356592023969741130S": {
            "received": 2.614983528800389,
            "pending": 0
        },
        "10098237463184565839S": {
            "received": 1.263875736702875,
            "pending": 0
        },
        "18167259303553226089S": {
            "received": 37.754881758901625,
            "pending": 0.0
        },
        "17047213952582854284S": {
            "received": 5.148643959369797,
            "pending": 0.0
        },
        "10361755960307035310S": {
            "received": 12.108655437305924,
            "pending": 0.0
        },
        "2864297953339225503S": {
            "received": 7.919035656804143,
            "pending": 0.0
        },
        "1049992629438017539S": {
            "received": 3.257369506865044,
            "pending": 0.0
        },
        "17355564170321453343S": {
            "received": 0.21775839256255825,
            "pending": 0
        },
        "6668168159687008651S": {
            "received": 0.4967318383586648,
            "pending": 0.058644986058118624
        },
        "16604498262787286373S": {
            "received": 46.03845636796207,
            "pending": 0.0
        },
        "15861756785873218793S": {
            "received": 9.503486680037144,
            "pending": 0.0
        },