{
    "lastpayout": 1545356096,
    "accounts": {
        "4446910057799968777S": {
            "received": 0.0,
            "pending": 0.09409317218588131
        },
        "6067937206682386488S": {
            "received": 1.1679645843565831,
            "pending": 0
        },
        "4744762823287612200S": {
            "received": 0.3763089841501508,
            "pending": 0.08127380283579205
        },
        "12579559320967539926S": {
            "received": 1.2148000916011374,
            "pending": 0
        },
        "15999348859093551866S": {
            "received": 0.24709782764541785,
            "pending": 0.0
        },
        "11119157255042636191S": {
            "received": 4.433676894801045,
            "pending": 0.0
        },
        "18167259303553226089S": {
            "received": 33.451375376969644,
            "pending": 0.0
        },
        "17594074255359799398S": {
            "received": 0.581585930612471,
            "pending": 0.0775412481764923
        },
        "12530296953711547432S": {
            "received": 3.896822544500767,
            "pending": 0.0
        },
        "8894347271842723832S": {
            "received": 47.41522340749542,
            "pending": 0.0
        },
        "6903517031979936221S": {
            "received": 2.8036092685481235,
            "pending": 0.0
        },
        "5291070292665466497S": {
            "received": 9.196634998373394,
            "pending": 0.0
        },
        "18055268634441448253S": {
            "received": 4.739405689009904,
            "pending": 0.0
        },
        "7293103698522095418S": {
            "received": 4.464221740683308,
            "pending": 0.0
        },
        "10361755960307035310S": {
            "received": 10.725208872593239,
            "pending": 0.0
        },
        "2738874115153334556S": {
            "received": 5.9058262849053795,
            "pending": 0.0
        },
        "14269746030136807703S": {
            "received": 1.146408186328155,
            "pending": 0
        },
        "585710018947350625S": {
            "received": 0.23201143357216225,
            "pending": 0.06412587740469375
        },
        "1550237112009583248S": {
            "received": 33.32959473654128,
            "pending": 0.0
        },
        "5957569542296945204S": {
            "received": 0.21214470056468063,
            "pending": 0.0
        },
        "14184009811430302815S": {
            "received": 1.266818684628477,
            "pending": 9.320482835545159e-06
        },
        "17571139477294864364S": {
            "received": 109.29303411818447,
            "pending": 0.0
        },
        "11050252519837691755S": {
            "received": 9.350135120450608,
            "pending": 0.0
        },
        "13787435077998976646S": {
            "received": 1.5773201235742478,
            "pending": 0.09430932656272276
        },
        "10449120053901707942S": {
            "received": 1.056633375207029,
            "pending": 0
        },
        "13184036139539914851S": {
            "received": 9.508780275169315,
            "pending": 0.0
        },
        "1258752876726108384S": {
            "received": 4.001424218146777,
            "pending": 0.0
        },
        "15861756785873218793S": {
            "received": 5.074772972787399,
            "pending": 0.0
        },
        "5553237885554746888S": {
            "received": 1.903479625769025,
            "pending": 0
        },
        "16589107352217526952S": {
            "received": 3.459692999101681,
            "pending": 0.0
        },
        "10770784031370294457S": {
            "received": 0.7873683275235359,
            "pending": 0.0
        },
        "4895669772553333916S": {
            "received": 5.921725508019055,
            "pending": 0.0
        },
        "10321154974050776080S": {
            "received": 0.21983435245209568,
            "pending": 0.04162651598541142
        },
        "2244004033526466392S": {
            "received": 0.0,
            "pending": 0.09472553321728439
        },
        "11606441451495031974S": {
            "received": 0.5036145509408231,
            "pending": 0.09768897981309957
        },
        "18091986069341856412S": {
            "received": 39.61882767740806,
            "pending": 0.0
        },
        "11197634275799662072S": {
            "received": 0.22890198196789144,
            "pending": 0.053483732607445336
        },
        "215644160295070055S": {
            "received": 32.3473341665877,
            "pending": 0.0
        },
        "1049992629438017539S": {
            "received": 2.82979942201232,
            "pending": 0.0
        },
        "17645611333637478692S": {
            "received": 0.0,
            "pending": 0.07572995392187519
        },
        "9204870986494269987S": {
            "received": 0.0,
            "pending": 0.038569183231423915
        },
        "15448943008829020507S": {
            "received": 2.5732827508117198,
            "pending": 0.0
        },
        "11698019401148428133S": {
            "received": 0.10738791897858424,
            "pending": 0.06039451125195797
        },
        "7124068854238347094S": {
            "received": 1.089637108332626,
            "pending": 0
        },
        "13429318653173453932S": {
            "received": 1.7980810839515837,
            "pending": 0
        },
        "11085363192584989547S": {
            "received": 2.009150352510505,
            "pending": 0
        },
        "9449227620415936880S": {
            "received": 3.7767308981822585,
            "pending": 0.0
        },
        "3674359349783883746S": {
            "received": 0.0,
            "pending": 0.06694241492178792
        },
        "3715810936410758099S": {
            "received": 4.181629864982412,
            "pending": 0.0
        },
        "15569777031855020681S": {
            "received": 37.38810395144025,
            "pending": 0.0
        },
        "15073035977129307459S": {
            "received": 7.776945184535215,
            "pending": 0.0
        },
        "4663107790577362473S": {
            "received": 0.7708816473603186,
            "pending": 0.0
        },
        "5005709220550032357S": {
            "received": 3.6353896106297654,
            "pending": 0.0
        },
        "6668168159687008651S": {
            "received": 0.3786104276731814,
            "pending": 0.049334482458747636
        },
        "12567931379234371677S": {
            "received": 1.2271124954327126,
            "pending": 8.110717344493385e-06
        },
        "11965252341664982224S": {
            "received": 0.1142469072680402,
            "pending": 0.00017423750865745632
        },
        "10461778414848986532S": {
            "received": 10.1144475174273,
            "pending": 0.0
        },
        "17104308003786288778S": {
            "received": 1.6321162069935995,
            "pending": 0.0008193563390156642
        },
        "10797340332804116294S": {
            "received": 0.5494178379487158,
            "pending": 0.07471371014328049
        },
        "12670108380237338481S": {
            "received": 7.991272683281832,
            "pending": 0.0
        },
        "1817868533720769718S": {
            "received": 8.751059204199239,
            "pending": 0.0
        },
        "17836460686258279109S": {
            "received": 9.114115567273029,
            "pending": 0.0
        },
        "6338508696620308738S": {
            "received": 13.123999718391845,
            "pending": 0.0
        },
        "2460974585142981360S": {
            "received": 3.5786169429208656,
            "pending": 0.0
        },
        "14156683224611581622S": {
            "received": 17.094164801380963,
            "pending": 0.0
        },
        "12971935946804193869S": {
            "received": 6.2834145004142306,
            "pending": 0.0
        },