{
    "pending": {},
    "lastpayout": 1541271361,
    "accounts": {
        "11197634275799662072S": {
            "pending": 0,
            "received": 0.10916849811211056
        },
        "5686868915809632438S": {
            "pending": 0.0,
            "received": 24.953808737711984
        },
        "10321154974050776080S": {
            "pending": 0,
            "received": 0.11830183202419303
        },
        "16751356875123318316S": {
            "pending": 0.0,
            "received": 15.727172707740245
        },
        "15569777031855020681S": {
            "pending": 0.0,
            "received": 18.401031429669228
        },
        "14448249721461697427S": {
            "pending": 0.0,
            "received": 4.593414413276429
        },
        "8720089909028317580S": {
            "pending": 0.0,
            "received": 12.336839122318146
        },
        "12670108380237338481S": {
            "pending": 0.0,
            "received": 3.810017757311218
        },
        "16201202588872164609S": {
            "pending": 0.0,
            "received": 0.7348656395460611
        },
        "14687091744950430134S": {
            "pending": 0.00010243540745849463,
            "received": 0.0
        },
        "3258153077104986360S": {
            "pending": 0.0,
            "received": 16.423682337342992
        },
        "16641174155953209058S": {
            "pending": 0.0,
            "received": 3.3368359096912554
        },
        "5005709220550032357S": {
            "pending": 0.0,
            "received": 1.7899633424939145
        },
        "11965252341664982224S": {
            "pending": 7.886271683074161e-05,
            "received": 0.1142469072680402
        },
        "15154873421182586410S": {
            "pending": 0,
            "received": 0.35772773650562456
        },
        "17594074255359799398S": {
            "pending": 0,
            "received": 0.25487654609615695
        },
        "12249152476983107122S": {
            "pending": 0.0,
            "received": 45.58921044182856
        },
        "18055268634441448253S": {
            "pending": 0.0,
            "received": 2.278471273861244
        },
        "6977907775043230289S": {
            "pending": 0.0,
            "received": 0.6461601672854125
        },
        "14269746030136807703S": {
            "pending": 0.07855736866818734,
            "received": 0.486126925541172
        },
        "3129853312420103608S": {
            "pending": 0.0,
            "received": 6.804775952841057
        },
        "12567931379234371677S": {
            "pending": 0.0,
            "received": 0.9434941871004521
        },
        "17356592023969741130S": {
            "pending": 0.0,
            "received": 1.094871151118125
        },
        "12579559320967539926S": {
            "pending": 0,
            "received": 0.5261490185737661
        },
        "17571139477294864364S": {
            "pending": 0.0,
            "received": 53.70324894816914
        },
        "18165115242939141342S": {
            "pending": 0.00013399010694754686,
            "received": 1.5121975391508202
        },
        "17272715786839773193S": {
            "pending": 0.0,
            "received": 0.9937720983275131
        },
        "12525711914127676053S": {
            "pending": 0.023847476388710105,
            "received": 1.1134688121791108
        },
        "10098237463184565839S": {
            "pending": 0.07622897446263643,
            "received": 0.4717293170560609
        },
        "7293103698522095418S": {
            "pending": 0.0,
            "received": 2.1133915900525406
        },
        "17355564170321453343S": {
            "pending": 0.09506343351492731,
            "received": 0.0
        },
        "17489004316462862977S": {
            "pending": 0.0,
            "received": 1.3648731184667386
        },
        "1817868533720769718S": {
            "pending": 0.0,
            "received": 4.186319041763184
        },
        "3674359349783883746S": {
            "pending": 0.034377470086535064,
            "received": 0.0
        },
        "6067937206682386488S": {
            "pending": 0.0,
            "received": 0.12730703596617873
        },
        "14184009811430302815S": {
            "pending": 0.0,
            "received": 1.117806298622795
        },
        "16560014039590311078S": {
            "pending": 0.0,
            "received": 1.6017684293601508
        },
        "13313129586976065786S": {
            "pending": 0.08001285891223323,
            "received": 0.49496770090504116
        },
        "2851445163152870095S": {
            "pending": 0.0,
            "received": 35.77829149903447
        },
        "11169617642535134043S": {
            "pending": 0.0,
            "received": 6.736672805799135
        },
        "15734141278813972755S": {
            "pending": 0.0,
            "received": 2.6396160524727916
        },
        "6934198033594185762S": {
            "pending": 0.0,
            "received": 3.8765798438129475
        },
        "12971935946804193869S": {
            "pending": 0.0,
            "received": 3.093091046758971
        },
        "10894601799531540343S": {
            "pending": 0.015292510099450686,
            "received": 0.0
        },
        "13787435077998976646S": {
            "pending": 0.0,
            "received": 0.8227432446992035
        },
        "17047213952582854284S": {
            "pending": 0.0,
            "received": 2.219782423967054
        },
        "11050252519837691755S": {
            "pending": 0.0,
            "received": 4.476925835464074
        },
        "9449227620415936880S": {
            "pending": 0.0,
            "received": 1.859303028136899
        },
        "152141753366209024S": {
            "pending": 0.0,
            "received": 6.334536646769653
        },
        "17104308003786288778S": {
            "pending": 0.00016604292243505388,
            "received": 1.6321162069935995
        },
        "12980275807187407333S": {
            "pending": 0.08937614083787229,
            "received": 0.0
        },
        "2864297953339225503S": {
            "pending": 0.0,
            "received": 3.1395789329334467
        },
        "17740111341613835228S": {
            "pending": 0.0,
            "received": 2.3635749668952464
        },
        "215644160295070055S": {
            "pending": 0.0,
            "received": 14.42716393513259
        },
        "6668168159687008651S": {
            "pending": 0.08581226697498236,
            "received": 0.0
        },
        "15411264051019796157S": {
            "pending": 0.0,
            "received": 1.8017299693534259
        },
        "5553237885554746888S": {
            "pending": 0.0,
            "received": 0.9061158941192538
        },
        "18091986069341856412S": {
            "pending": 0.0,
            "received": 19.106955092770757
        },
        "5291070292665466497S": {
            "pending": 0.0,
            "received": 4.400360630635306
        },
        "12530296953711547432S": {
            "pending": 0.0,
            "received": 1.918092750659714
        },
        "9013810013049907269S": {
            "pending": 0.0008641330091595921,
            "received": 0.0
        },
        "16728883373258802077S": {
            "pending": 0.045346130049149745,
            "received": 0.2804475969339163
        },
        "17836460686258279109S": {
            "pending": 0.0,
            "received": 4.360554210027571
        },
        "4895669772553333916S": {
            "pending": 0.0,
            "received": 2.790372101277793
        },
        "11606441451495031974S": {
            "pending": 0.03986055342022105,
            "received": 0.23804112450538378
        },
        "4294271027440884090S": {
            "pending": 0.0,
            "received": 2.755149158152581
        },
        "2460974585142981360S": {
            "pending": 0.0,