{
    "pending": {},
    "lastpayout": 1549159797,
    "accounts": {
        "11698019401148428133S": {
            "pending": 0.023036522530925647,
            "received": 0.2121564820253415
        },
        "11928538336447495247S": {
            "pending": 0.023073602289024567,
            "received": 0.2300541340181786
        },
        "18091986069341856412S": {
            "pending": 0.0,
            "received": 55.34317532103767
        },
        "13236510448065713857S": {
            "pending": 0,
            "received": 1.40045959895916
        },
        "943285078285187201S": {
            "pending": 0.0,
            "received": 12.967102632080811
        },
        "13787435077998976646S": {
            "pending": 0,
            "received": 2.3363931578354946
        },
        "3129853312420103608S": {
            "pending": 0.0,
            "received": 18.864257139441126
        },
        "17272715786839773193S": {
            "pending": 0.0,
            "received": 4.382917665888606
        },
        "1970628074602046854S": {
            "pending": 0.0,
            "received": 0.9043722603454257
        },
        "6977907775043230289S": {
            "pending": 0.09791228876734663,
            "received": 1.9335705286474654
        },
        "10467419700136114797S": {
            "pending": 0.0,
            "received": 11.037197780464094
        },
        "11197634275799662072S": {
            "pending": 0.0939955324933525,
            "received": 0.32903963462176733
        },
        "3674359349783883746S": {
            "pending": 0.09498187101248952,
            "received": 0.0
        },
        "4744762823287612200S": {
            "pending": 0.05708038754816294,
            "received": 0.7509741438319029
        },
        "13429318653173453932S": {
            "pending": 0,
            "received": 2.6818730548283196
        },
        "17560208605739704239S": {
            "pending": 0.03954521671174328,
            "received": 0.0
        },
        "17047213952582854284S": {
            "pending": 0.0,
            "received": 6.433777299910984
        },
        "4446910057799968777S": {
            "pending": 0.04885022841697358,
            "received": 0.10897263589949478
        },
        "6067937206682386488S": {
            "pending": 0,
            "received": 2.002415100323803
        },
        "9449227620415936880S": {
            "pending": 0.0,
            "received": 5.245956696685485
        },
        "12530296953711547432S": {
            "pending": 0.0,
            "received": 5.413698541402879
        },
        "3332349765545836465S": {
            "pending": 0.0,
            "received": 13.36206564232042
        },
        "5291070292665466497S": {
            "pending": 0.0,
            "received": 13.054552870104239
        },
        "7448213987540851197S": {
            "pending": 0,
            "received": 1.0026588234000973
        },
        "2738874115153334556S": {
            "pending": 0.0,
            "received": 8.480108174062472
        },
        "15569777031855020681S": {
            "pending": 0.0,
            "received": 51.946300718749434
        },
        "4022956614220159274S": {
            "pending": 0,
            "received": 1.6520900950837205
        },
        "13572441164517337177S": {
            "pending": 0,
            "received": 0.3382183131548948
        },
        "15411264051019796157S": {
            "pending": 0.0,
            "received": 5.725777417206835
        },
        "4132777636262503477S": {
            "pending": 0.0,
            "received": 6.231436501881771
        },
        "14156683224611581622S": {
            "pending": 0.0,
            "received": 23.863434046154225
        },
        "12980275807187407333S": {
            "pending": 0.04696449280733636,
            "received": 0.2045942319859576
        },
        "9184018714284974913S": {
            "pending": 0.002434444272978232,
            "received": 0.0
        },
        "15133100411994811836S": {
            "pending": 0,
            "received": 1.3212379969427182
        },
        "3852808042355427288S": {
            "pending": 0.0,
            "received": 5.082381147489574
        },
        "9505110567395001657S": {
            "pending": 0.07845813130323798,
            "received": 0.487526316809066
        },
        "11871132970957735350S": {
            "pending": 0.0,
            "received": 16.613908951140505
        },
        "2864297953339225503S": {
            "pending": 0.0,
            "received": 9.871443005144176
        },
        "13586143590570589215S": {
            "pending": 0.0,
            "received": 4.921902165037564
        },
        "16728883373258802077S": {
            "pending": 0.05432006295958793,
            "received": 0.6814718238891045
        },
        "16201202588872164609S": {
            "pending": 0.0,
            "received": 4.250133847243274
        },
        "15773155524407127430S": {
            "pending": 0.0,
            "received": 0.4702103389175416
        },
        "69120280142071075S": {
            "pending": 0,
            "received": 1.666618305738718
        },
        "4895669772553333916S": {
            "pending": 0.0,
            "received": 8.501298977053992
        },
        "15154873421182586410S": {
            "pending": 0,
            "received": 1.360529023674944
        },
        "8720089909028317580S": {
            "pending": 0.0,
            "received": 35.68706649744955
        },
        "927849505798557777S": {
            "pending": 0.0,
            "received": 15.660343500231223
        },
        "11085363192584989547S": {
            "pending": 0,
            "received": 3.798731981118239
        },
        "11606441451495031974S": {
            "pending": 0,
            "received": 0.903694816978379
        },
        "12249152476983107122S": {
            "pending": 0.0,
            "received": 128.7232687163574
        },
        "9126093206592523027S": {
            "pending": 0.07200513876672567,
            "received": 2.342396941614986
        },
        "1523666487072516037S": {
            "pending": 0.06384444359430698,
            "received": 0.0
        },
        "1534222197080935475S": {
            "pending": 0.0,
            "received": 8.207870603068214
        },
        "14448249721461697427S": {
            "pending": 0.0,
            "received": 13.598186208231125
        },
        "15861756785873218793S": {
            "pending": 0.0,
            "received": 18.43465575769195
        },
        "17645611333637478692S": {
            "pending": 0.004784164923854313,
            "received": 0.10033690301840166
        },
        "18165115242939141342S": {
            "pending": 0.0010867256667532479,
            "received": 1.5121975391508202
        },
        "9013810013049907269S": {
            "pending": 0.0027723233945448457,
            "received": 0.0
        },
        "14269746030136807703S": {
            "pending": 0,
            "received": 1.6588059099201082
        },
        "12579559320967539926S": {
            "pending": 0.09964795008259346,
            "received": 1.726972230918405
        },
        "10894601799531540343S": {
            "pending": 0.05758690353542944,
            "received": 0.0
        },
        "17845458741146312138S": {
            "pending": 0.015552728930184572,
            "received": 0.10223482936913374
        },
        "152141753366209024S": {
            "pending": 0.0,
            "received": 17.877188759635896
        },
        "12971935946804193869S": {
            "pending": 0.0,
            "received": 8.72841132474084
        },
        "1550237112009583248S": {
            "pending": 0.0,
            "received": 46.255540588376505
        },
        "828291801063561764S": {
            "pending": 0.07295032076651292,
            "received": 0.7419530136278167
        },