{
    "accounts": {
        "3715810936410758099S": {
            "pending": 0.0,
            "received": 3.8327683673444115
        },
        "18167259303553226089S": {
            "pending": 0.0,
            "received": 30.439514133113832
        },
        "13184036139539914851S": {
            "pending": 0.0,
            "received": 8.650897350770844
        },
        "17104308003786288778S": {
            "pending": 0.0007034364192618605,
            "received": 1.6321162069935995
        },
        "9325998378347643411S": {
            "pending": 0.09827266436582845,
            "received": 1.2235210853557206
        },
        "16201202588872164609S": {
            "pending": 0.0,
            "received": 2.320010384203637
        },
        "9204870986494269987S": {
            "pending": 0.03855806327459292,
            "received": 0.0
        },
        "6338508696620308738S": {
            "pending": 0.0,
            "received": 11.92107764159317
        },
        "10240602760270541626S": {
            "pending": 0,
            "received": 0.3874939234615373
        },
        "10321154974050776080S": {
            "pending": 0.016221185404053446,
            "received": 0.21983435245209568
        },
        "10962402274596135874S": {
            "pending": 0.0,
            "received": 0.7439028691484841
        },
        "17836460686258279109S": {
            "pending": 0.0,
            "received": 8.252640359896482
        },
        "6067937206682386488S": {
            "pending": 0.0,
            "received": 0.9801076633060131
        },
        "10467419700136114797S": {
            "pending": 0.0,
            "received": 7.008686564719576
        },
        "215644160295070055S": {
            "pending": 0.0,
            "received": 28.412187808311607
        },
        "3674359349783883746S": {
            "pending": 0.061458054645534964,
            "received": 0.0
        },
        "4294271027440884090S": {
            "pending": 0.0,
            "received": 5.285915077226608
        },
        "13586143590570589215S": {
            "pending": 0.0,
            "received": 3.2239017422687932
        },
        "12670108380237338481S": {
            "pending": 0.0,
            "received": 7.231551346993873
        },
        "3258153077104986360S": {
            "pending": 0.0,
            "received": 30.32297145008985
        },
        "11381476088599362396S": {
            "pending": 0.093679300336625,
            "received": 0.6015476638688043
        },
        "8720089909028317580S": {
            "pending": 0.0,
            "received": 23.252310732596708
        },
        "1534222197080935475S": {
            "pending": 0.0,
            "received": 5.376012462485363
        },
        "15154873421182586410S": {
            "pending": 0,
            "received": 0.7873573769286877
        },
        "16751356875123318316S": {
            "pending": 0.0,
            "received": 29.072990392618863
        },
        "12980275807187407333S": {
            "pending": 0.06083167392532919,
            "received": 0.10414015568346773
        },
        "15734141278813972755S": {
            "pending": 0.0,
            "received": 5.042985880538524
        },
        "4663107790577362473S": {
            "pending": 0.0,
            "received": 0.4436488697084794
        },
        "6903517031979936221S": {
            "pending": 0.0,
            "received": 1.9787473044586612
        },
        "11606441451495031974S": {
            "pending": 0.03703248959989463,
            "received": 0.5036145509408231
        },
        "12828528092202122577S": {
            "pending": 0.010641929041294386,
            "received": 0.0
        },
        "5005709220550032357S": {
            "pending": 0.0,
            "received": 3.307541950846278
        },
        "11169617642535134043S": {
            "pending": 0.0,
            "received": 12.638060530614455
        },
        "14269746030136807703S": {
            "pending": 0,
            "received": 1.0430589294771513
        },
        "10361755960307035310S": {
            "pending": 0.0,
            "received": 9.757533043775085
        },
        "12525711914127676053S": {
            "pending": 0.09897318119910868,
            "received": 1.1134688121791108
        },
        "15073035977129307459S": {
            "pending": 0.0,
            "received": 6.136541398710934
        },
        "11996797827555955330S": {
            "pending": 0.09311262192326678,
            "received": 0.22137565696585543
        },
        "4132777636262503477S": {
            "pending": 0.0,
            "received": 2.4858236174545167
        },
        "10098237463184565839S": {
            "pending": 0,
            "received": 1.0123569515284385
        },
        "9505110567395001657S": {
            "pending": 0.036338137082632525,
            "received": 0.2272334540260751
        },
        "7293103698522095418S": {
            "pending": 0.0,
            "received": 4.047703184675523
        },
        "14156683224611581622S": {
            "pending": 0.0,
            "received": 15.522609205023402
        },
        "17645611333637478692S": {
            "pending": 0.06890770293426443,
            "received": 0.0
        },
        "5686868915809632438S": {
            "pending": 0.0,
            "received": 46.1256006894032
        },
        "16560014039590311078S": {
            "pending": 0.0,
            "received": 3.105459890348032
        },
        "16728883373258802077S": {
            "pending": 0.09968475992838968,
            "received": 0.4237377364460688
        },
        "17594074255359799398S": {
            "pending": 0,
            "received": 0.581585930612471
        },
        "16589107352217526952S": {
            "pending": 0.0,
            "received": 3.1476084557885935
        },
        "17047213952582854284S": {
            "pending": 0.0,
            "received": 4.108236446721529
        },
        "18091986069341856412S": {
            "pending": 0.0,
            "received": 35.973454658770564
        },
        "17489004316462862977S": {
            "pending": 0.0,
            "received": 3.565385359934554
        },
        "10449120053901707942S": {
            "pending": 0.060828628204771945,
            "received": 0.9005077524379781
        },
        "4895669772553333916S": {
            "pending": 0.0,
            "received": 5.348652848236798
        },
        "2358067426585635922S": {
            "pending": 0.026940442767465114,
            "received": 0.0
        },
        "16604498262787286373S": {
            "pending": 0.0,
            "received": 36.88730819014608
        },
        "11119157255042636191S": {
            "pending": 0.0,
            "received": 3.9561899339720146
        },
        "5553237885554746888S": {
            "pending": 0,
            "received": 1.7140613722112676
        },
        "13313129586976065786S": {
            "pending": 0,
            "received": 1.0624785194591382
        },
        "14448249721461697427S": {
            "pending": 0.0,
            "received": 8.683852408032967
        },
        "15569777031855020681S": {
            "pending": 0.0,
            "received": 34.01353562889192
        },
        "69120280142071075S": {
            "pending": 0.0,
            "received": 0.43087192451195994
        },
        "3332349765545836465S": {
            "pending": 0.0,
            "received": 8.536758098541416
        },
        "17355564170321453343S": {
            "pending": 0.0647731792103148,
            "received": 0.11077669131844611
        },
        "16621562990240483892S": {
            "pending": 0.021333547115259154,
            "received": 0.31582920392922664
        },
        "15411264051019796157S": {
            "pending": 0.0,
            "received": 3.527743663462
        },
        "18055268634441448253S": {
            "pending": 0.0,