{
    "lastpayout": 1548529825,
    "pending": {},
    "accounts": {
        "8720089909028317580S": {
            "pending": 0.0,
            "received": 34.12800563959241
        },
        "17845458741146312138S": {
            "pending": 0,
            "received": 0.10223482936913374
        },
        "15861756785873218793S": {
            "pending": 0.0,
            "received": 16.25898570918201
        },
        "585710018947350625S": {
            "pending": 0.06135412433959577,
            "received": 0.3363788301137469
        },
        "9449227620415936880S": {
            "pending": 0.0,
            "received": 5.006688611327439
        },
        "17355564170321453343S": {
            "pending": 0.03789731039378588,
            "received": 0.21775839256255825
        },
        "12670108380237338481S": {
            "pending": 0.0,
            "received": 10.81385550422045
        },
        "5005709220550032357S": {
            "pending": 0.0,
            "received": 4.818971585390785
        },
        "14706861753024051671S": {
            "pending": 0,
            "received": 2.4746745913504116
        },
        "1258752876726108384S": {
            "pending": 0.0,
            "received": 7.190017808358107
        },
        "17645611333637478692S": {
            "pending": 0,
            "received": 0.10033690301840166
        },
        "12530296953711547432S": {
            "pending": 0.0,
            "received": 5.166628949805306
        },
        "15734141278813972755S": {
            "pending": 0.0,
            "received": 6.776866553007121
        },
        "17571139477294864364S": {
            "pending": 0.0,
            "received": 145.07095077445672
        },
        "2358067426585635922S": {
            "pending": 0,
            "received": 0.22146338146199349
        },
        "11085363192584989547S": {
            "pending": 0,
            "received": 3.5072699845956374
        },
        "6954295320478186628S": {
            "pending": 0.0006489372731730688,
            "received": 0.0
        },
        "11197634275799662072S": {
            "pending": 0.07111220500870734,
            "received": 0.32903963462176733
        },
        "6067937206682386488S": {
            "pending": 0,
            "received": 1.861365592881513
        },
        "8053912614346489082S": {
            "pending": 0.024037765285060006,
            "received": 0.0
        },
        "10749969907367660119S": {
            "pending": 0.0,
            "received": 47.154896233848646
        },
        "14687091744950430134S": {
            "pending": 0.0003068268845493545,
            "received": 0.0
        },
        "10467419700136114797S": {
            "pending": 0.0,
            "received": 10.489310649695739
        },
        "152141753366209024S": {
            "pending": 0.0,
            "received": 17.061494499826956
        },
        "18167259303553226089S": {
            "pending": 0.0,
            "received": 44.31361304095029
        },
        "9126093206592523027S": {
            "pending": 0,
            "received": 2.342396941614986
        },
        "13586143590570589215S": {
            "pending": 0.0,
            "received": 4.697383946320014
        },
        "3129853312420103608S": {
            "pending": 0.0,
            "received": 18.018037723848124
        },
        "15999348859093551866S": {
            "pending": 0.0,
            "received": 1.7303821845141
        },
        "3332349765545836465S": {
            "pending": 0.0,
            "received": 12.709286982462551
        },
        "10321154974050776080S": {
            "pending": 0.017151752009893686,
            "received": 0.3359485973657842
        },
        "4895669772553333916S": {
            "pending": 0.0,
            "received": 8.069411929155402
        },
        "2851445163152870095S": {
            "pending": 0.0,
            "received": 96.40601697422159
        },
        "5957569542296945204S": {
            "pending": 0.0,
            "received": 1.4373949161780386
        },
        "11119157255042636191S": {
            "pending": 0.0,
            "received": 6.157556633215911
        },
        "16728883373258802077S": {
            "pending": 0,
            "received": 0.6814718238891045
        },
        "4744762823287612200S": {
            "pending": 0,
            "received": 0.7509741438319029
        },
        "11050252519837691755S": {
            "pending": 0.0,
            "received": 12.616466762364524
        },
        "10770784031370294457S": {
            "pending": 0.0,
            "received": 3.6301208355131926
        },
        "1817868533720769718S": {
            "pending": 0.0,
            "received": 11.813062892068965
        },
        "16751356875123318316S": {
            "pending": 0.0,
            "received": 42.37293646393635
        },
        "9204870986494269987S": {
            "pending": 0.0386092644740038,
            "received": 0.0
        },
        "13572441164517337177S": {
            "pending": 0.06817308377927941,
            "received": 0.23446004232204468
        },
        "215644160295070055S": {
            "pending": 0.0,
            "received": 46.55428551516387
        },
        "12249152476983107122S": {
            "pending": 0.0,
            "received": 122.84534137743093
        },
        "17594074255359799398S": {
            "pending": 0,
            "received": 0.9914901993409502
        },
        "11169617642535134043S": {
            "pending": 0.0,
            "received": 18.686075835955222
        },
        "6934198033594185762S": {
            "pending": 0.0,
            "received": 10.874921224657895
        },
        "4446910057799968777S": {
            "pending": 0.042995909651537774,
            "received": 0.10897263589949478
        },
        "17370144303144262276S": {
            "pending": 0.04096425935724531,
            "received": 0.25348444880492127
        },
        "12980275807187407333S": {
            "pending": 0.035524522594186286,
            "received": 0.2045942319859576
        },
        "14156057994616021440S": {
            "pending": 0.0,
            "received": 13.043156302379304
        },
        "17272715786839773193S": {
            "pending": 0.0,
            "received": 4.137883536137713
        },
        "10962402274596135874S": {
            "pending": 0.0,
            "received": 2.1731369565454037
        },
        "6338508696620308738S": {
            "pending": 0.0,
            "received": 17.46732386972313
        },
        "15154873421182586410S": {
            "pending": 0.07908320275453286,
            "received": 1.1979340397366562
        },
        "69120280142071075S": {
            "pending": 1.989066496845762e-06,
            "received": 1.4570669266918042
        },
        "927849505798557777S": {
            "pending": 0.0,
            "received": 14.902349541014676
        },
        "12828528092202122577S": {
            "pending": 0.01713685372923803,
            "received": 0.0
        },
        "15569777031855020681S": {
            "pending": 0.0,
            "received": 49.574984783984945
        },
        "12971935946804193869S": {
            "pending": 0.0,
            "received": 8.33023569405373
        },
        "9184018714284974913S": {
            "pending": 0.0018418958197640514,
            "received": 0.0
        },
        "9133065595720782814S": {
            "pending": 0.0,
            "received": 11.227851392325226
        },
        "2244004033526466392S": {
            "pending": 0.00011050369426920901,
            "received": 0.24396042961190464
        },
        "2864297953339225503S": {
            "pending": 0.0,
            "received": 9.395818650927028
        },
        "2628113835314385086S": {
            "pending": 0,
            "received": 1.071763985037614
        },
        "11928538336447495247S": {
            "pending": 0,